application_id,trial,application_class,strategy,api_dependency,kernel_dependency,hardware_dependency,licensing_dependency,packaging_support,compatibility_outcome,compatibility_score,setup_effort,runtime_overhead,integration_score,windows_dependency_retained,random_seed,score_before_noise,score_after_penalties,dependency_risk_index,notes
APP-0001,1,productivity,native_linux,medium,none,standard_device,online_activation,app_profile,full,80.44,3.59,3.54,96.14,0,42,95,90.2,29.2,synthetic row; not a real application benchmark
APP-0002,2,productivity,native_linux,low,none,none,online_activation,app_profile,full,92.53,9.31,2.94,95.56,0,42,95,92.2,14.0,synthetic row; not a real application benchmark
APP-0003,3,productivity,native_linux,medium,none,standard_device,online_activation,app_profile,full,89.28,6.08,5.73,96.78,0,42,95,90.2,29.2,synthetic row; not a real application benchmark
APP-0004,4,productivity,native_linux,medium,none,none,none,app_profile,full,97.06,5.72,7.08,97.37,0,42,95,95.0,8.0,synthetic row; not a real application benchmark
APP-0005,5,productivity,native_linux,low,none,none,none,app_profile,full,94.43,0.0,0.35,100.0,0,42,95,95.0,0.0,synthetic row; not a real application benchmark
APP-0006,6,productivity,native_linux,medium,service,none,offline_activation,app_profile,full,87.82,9.53,3.63,97.62,0,42,95,91.15,34.75,synthetic row; not a real application benchmark
APP-0007,7,productivity,native_linux,medium,none,none,none,app_profile,full,96.45,6.53,0.0,97.72,0,42,95,95.0,8.0,synthetic row; not a real application benchmark
APP-0008,8,productivity,native_linux,medium,none,none,none,app_profile,full,90.67,7.87,0.0,97.66,0,42,95,95.0,8.0,synthetic row; not a real application benchmark
APP-0009,9,productivity,native_linux,medium,none,none,offline_activation,app_profile,full,91.66,3.75,4.52,98.23,0,42,95,93.4,16.0,synthetic row; not a real application benchmark
APP-0010,10,productivity,native_linux,medium,none,none,none,app_profile,full,95.71,6.76,1.95,99.63,0,42,95,95.0,8.0,synthetic row; not a real application benchmark
APP-0011,11,productivity,native_linux,medium,none,standard_device,none,app_profile,full,91.18,4.47,0.89,99.35,0,42,95,93.0,15.2,synthetic row; not a real application benchmark
APP-0012,12,productivity,native_linux,low,none,none,online_activation,app_profile,full,95.53,4.41,1.15,98.68,0,42,95,92.2,14.0,synthetic row; not a real application benchmark
APP-0013,13,productivity,native_linux,medium,none,none,hardware_dongle,app_profile,full,91.4,5.98,2.04,100.0,0,42,95,89.4,36.0,synthetic row; not a real application benchmark
APP-0014,14,productivity,native_linux,medium,none,none,none,app_profile,full,90.25,2.64,4.48,92.09,0,42,95,95.0,8.0,synthetic row; not a real application benchmark
APP-0015,15,productivity,native_linux,low,none,none,online_activation,app_profile,full,92.56,2.68,2.47,99.09,0,42,95,92.2,14.0,synthetic row; not a real application benchmark
APP-0016,16,productivity,native_linux,medium,none,none,offline_activation,app_profile,full,94.5,11.04,4.47,100.0,0,42,95,93.4,16.0,synthetic row; not a real application benchmark
APP-0017,17,productivity,native_linux,low,none,none,online_activation,app_profile,full,90.25,0.0,3.27,98.11,0,42,95,92.2,14.0,synthetic row; not a real application benchmark
APP-0018,18,productivity,native_linux,high,none,none,none,app_profile,full,100.0,18.16,4.63,95.04,0,42,95,95.0,18.0,synthetic row; not a real application benchmark
APP-0019,19,productivity,native_linux,medium,none,none,offline_activation,app_profile,full,90.34,5.04,4.93,99.63,0,42,95,93.4,16.0,synthetic row; not a real application benchmark
APP-0020,20,productivity,native_linux,low,none,none,online_activation,app_profile,full,91.93,11.87,2.26,100.0,0,42,95,92.2,14.0,synthetic row; not a real application benchmark
APP-0021,1,productivity,wine_like,high,none,none,online_activation,raw,failed,24.29,85.65,11.99,65.73,0,42,65,28.4,32.0,synthetic row; not a real application benchmark
APP-0022,2,productivity,wine_like,low,none,none,online_activation,raw,failed,41.43,72.9,9.44,62.69,0,42,65,43.7,14.0,synthetic row; not a real application benchmark
APP-0023,3,productivity,wine_like,medium,service,standard_device,offline_activation,raw,failed,21.1,81.96,16.09,59.87,0,42,65,20.0,41.95,synthetic row; not a real application benchmark
APP-0024,4,productivity,wine_like,medium,none,standard_device,none,raw,partial,51.22,78.28,12.51,66.25,0,42,65,42.6,15.2,synthetic row; not a real application benchmark
APP-0025,5,productivity,wine_like,medium,none,none,online_activation,managed_prefix,failed,44.87,69.15,13.48,73.63,0,42,65,44.9,22.0,synthetic row; not a real application benchmark
APP-0026,6,productivity,wine_like,low,none,none,offline_activation,raw,failed,43.31,73.09,11.33,65.66,0,42,65,49.4,8.0,synthetic row; not a real application benchmark
APP-0027,7,productivity,wine_like,medium,none,none,online_activation,raw,failed,35.26,83.81,13.88,67.35,0,42,65,36.9,22.0,synthetic row; not a real application benchmark
APP-0028,8,productivity,wine_like,low,service,none,online_activation,raw,failed,23.28,81.16,13.06,69.82,0,42,65,28.7,32.75,synthetic row; not a real application benchmark
APP-0029,9,productivity,wine_like,medium,service,standard_device,offline_activation,managed_prefix,failed,29.58,78.42,12.42,61.53,0,42,65,28.0,41.95,synthetic row; not a real application benchmark
APP-0030,10,productivity,wine_like,low,none,none,online_activation,raw,failed,41.05,74.29,11.81,54.97,0,42,65,43.7,14.0,synthetic row; not a real application benchmark
APP-0031,11,productivity,wine_like,medium,none,none,online_activation,managed_prefix,partial,59.43,65.11,12.06,69.37,0,42,65,44.9,22.0,synthetic row; not a real application benchmark
APP-0032,12,productivity,wine_like,medium,none,none,online_activation,raw,failed,35.02,79.26,10.05,61.05,0,42,65,36.9,22.0,synthetic row; not a real application benchmark
APP-0033,13,productivity,wine_like,low,none,none,online_activation,raw,failed,44.48,79.21,12.11,62.0,0,42,65,43.7,14.0,synthetic row; not a real application benchmark
APP-0034,14,productivity,wine_like,medium,none,none,none,raw,partial,58.07,78.54,11.27,57.55,0,42,65,50.2,8.0,synthetic row; not a real application benchmark
APP-0035,15,productivity,wine_like,medium,none,standard_device,none,managed_prefix,partial,52.87,64.56,12.34,67.45,0,42,65,50.6,15.2,synthetic row; not a real application benchmark
APP-0036,16,productivity,wine_like,medium,none,none,offline_activation,raw,partial,49.96,68.33,12.33,62.71,0,42,65,42.6,16.0,synthetic row; not a real application benchmark
APP-0037,17,productivity,wine_like,low,none,none,offline_activation,raw,failed,41.73,80.06,11.34,61.75,0,42,65,49.4,8.0,synthetic row; not a real application benchmark
APP-0038,18,productivity,wine_like,medium,none,standard_device,online_activation,raw,failed,35.19,83.56,16.77,62.16,0,42,65,29.3,29.2,synthetic row; not a real application benchmark
APP-0039,19,productivity,wine_like,medium,none,none,none,raw,failed,44.31,80.13,12.42,66.68,0,42,65,50.2,8.0,synthetic row; not a real application benchmark
APP-0040,20,productivity,wine_like,low,none,none,online_activation,raw,failed,37.84,75.73,15.02,64.55,0,42,65,43.7,14.0,synthetic row; not a real application benchmark
APP-0041,1,productivity,proton_like,medium,service,none,online_activation,raw,partial,49.11,57.42,10.62,64.58,0,42,78,47.55,40.75,synthetic row; not a real application benchmark
APP-0042,2,productivity,proton_like,medium,none,none,offline_activation,managed_prefix,partial,64.24,40.96,5.64,87.9,0,42,78,67.2,16.0,synthetic row; not a real application benchmark
APP-0043,3,productivity,proton_like,medium,none,none,online_activation,managed_prefix,partial,62.96,40.74,9.34,78.55,0,42,78,61.8,22.0,synthetic row; not a real application benchmark
APP-0044,4,productivity,proton_like,low,none,none,online_activation,managed_prefix,partial,64.77,43.73,6.51,78.71,0,42,78,65.4,14.0,synthetic row; not a real application benchmark
APP-0045,5,productivity,proton_like,medium,none,none,hardware_dongle,managed_prefix,partial,53.41,44.82,13.46,81.18,0,42,78,49.2,36.0,synthetic row; not a real application benchmark
APP-0046,6,productivity,proton_like,low,none,none,none,managed_prefix,partial,69.99,29.99,4.8,78.82,0,42,78,78.0,0.0,synthetic row; not a real application benchmark
APP-0047,7,productivity,proton_like,low,service,none,none,app_profile,partial,64.02,28.11,9.52,86.56,0,42,78,63.75,18.75,synthetic row; not a real application benchmark
APP-0048,8,productivity,proton_like,high,none,none,none,app_profile,partial,72.55,28.68,9.44,86.79,0,42,78,69.9,18.0,synthetic row; not a real application benchmark
APP-0049,9,productivity,proton_like,low,service,none,none,raw,partial,67.9,40.03,6.01,67.82,0,42,78,63.75,18.75,synthetic row; not a real application benchmark
APP-0050,10,productivity,proton_like,medium,none,standard_device,online_activation,app_profile,partial,60.85,39.11,9.14,89.81,0,42,78,55.4,29.2,synthetic row; not a real application benchmark
APP-0051,11,productivity,proton_like,medium,service,none,online_activation,raw,partial,45.76,56.01,12.84,68.22,0,42,78,47.55,40.75,synthetic row; not a real application benchmark
APP-0052,12,productivity,proton_like,low,none,none,online_activation,managed_prefix,partial,70.04,35.38,6.93,77.72,0,42,78,65.4,14.0,synthetic row; not a real application benchmark
APP-0053,13,productivity,proton_like,medium,none,none,online_activation,raw,partial,68.4,48.43,5.85,80.27,0,42,78,61.8,22.0,synthetic row; not a real application benchmark
APP-0054,14,productivity,proton_like,medium,service,none,offline_activation,managed_prefix,partial,62.71,49.91,9.54,80.39,0,42,78,52.95,34.75,synthetic row; not a real application benchmark
APP-0055,15,productivity,proton_like,low,none,none,online_activation,managed_prefix,partial,61.23,31.44,3.85,77.53,0,42,78,65.4,14.0,synthetic row; not a real application benchmark
APP-0056,16,productivity,proton_like,low,none,none,none,managed_prefix,full,79.74,33.37,7.43,82.74,0,42,78,78.0,0.0,synthetic row; not a real application benchmark
APP-0057,17,productivity,proton_like,low,none,none,offline_activation,managed_prefix,full,83.79,37.49,10.87,82.37,0,42,78,70.8,8.0,synthetic row; not a real application benchmark
APP-0058,18,productivity,proton_like,high,none,none,online_activation,managed_prefix,partial,53.04,44.96,11.97,83.47,0,42,78,57.3,32.0,synthetic row; not a real application benchmark
APP-0059,19,productivity,proton_like,low,none,none,offline_activation,managed_prefix,partial,69.12,28.64,5.01,87.46,0,42,78,70.8,8.0,synthetic row; not a real application benchmark
APP-0060,20,productivity,proton_like,low,none,none,offline_activation,app_profile,full,82.9,30.34,6.88,87.86,0,42,78,70.8,8.0,synthetic row; not a real application benchmark
APP-0061,1,productivity,managed_prefix,medium,none,none,none,managed_prefix,partial,72.72,34.67,9.42,79.59,0,42,72,71.0,8.0,synthetic row; not a real application benchmark
APP-0062,2,productivity,managed_prefix,high,none,standard_device,hardware_dongle,managed_prefix,failed,39.92,40.33,15.19,74.93,0,42,72,32.9,53.2,synthetic row; not a real application benchmark
APP-0063,3,productivity,managed_prefix,medium,none,none,none,app_profile,full,76.26,17.74,12.07,77.84,0,42,72,74.0,8.0,synthetic row; not a real application benchmark
APP-0064,4,productivity,managed_prefix,medium,none,none,none,app_profile,full,75.24,23.28,10.29,79.36,0,42,72,74.0,8.0,synthetic row; not a real application benchmark
APP-0065,5,productivity,managed_prefix,low,none,none,offline_activation,app_profile,full,75.98,24.79,14.07,79.65,0,42,72,73.2,8.0,synthetic row; not a real application benchmark
APP-0066,6,productivity,managed_prefix,high,none,standard_device,offline_activation,managed_prefix,partial,47.33,34.54,12.14,75.74,0,42,72,49.9,33.2,synthetic row; not a real application benchmark
APP-0067,7,productivity,managed_prefix,medium,none,none,none,managed_prefix,partial,67.74,34.19,11.18,70.21,0,42,72,71.0,8.0,synthetic row; not a real application benchmark
APP-0068,8,productivity,managed_prefix,low,none,none,online_activation,app_profile,partial,74.78,29.79,9.49,81.45,0,42,72,68.1,14.0,synthetic row; not a real application benchmark
APP-0069,9,productivity,managed_prefix,medium,service,none,online_activation,managed_prefix,partial,55.59,33.09,9.73,74.69,0,42,72,45.6,40.75,synthetic row; not a real application benchmark
APP-0070,10,productivity,managed_prefix,high,kernel_driver,none,online_activation,app_profile,failed,20.98,29.69,10.64,73.06,0,42,72,23.1,75.75,synthetic row; not a real application benchmark
APP-0071,11,productivity,managed_prefix,medium,kernel_driver,none,hardware_dongle,managed_prefix,failed,12.81,49.7,10.94,68.2,0,42,72,15.7,79.75,synthetic row; not a real application benchmark
APP-0072,12,productivity,managed_prefix,high,service,none,offline_activation,managed_prefix,failed,38.03,40.04,9.55,75.54,0,42,72,43.2,44.75,synthetic row; not a real application benchmark
APP-0073,13,productivity,managed_prefix,medium,none,standard_device,none,managed_prefix,partial,71.46,32.24,11.34,75.48,0,42,72,64.2,15.2,synthetic row; not a real application benchmark
APP-0074,14,productivity,managed_prefix,medium,none,none,online_activation,app_profile,partial,56.9,17.15,14.02,90.2,0,42,72,62.1,22.0,synthetic row; not a real application benchmark
APP-0075,15,productivity,managed_prefix,low,none,none,none,app_profile,partial,74.43,24.32,11.05,74.02,0,42,72,80.0,0.0,synthetic row; not a real application benchmark
APP-0076,16,productivity,managed_prefix,medium,kernel_driver,none,offline_activation,managed_prefix,failed,35.78,33.68,12.53,69.19,0,42,72,32.7,59.75,synthetic row; not a real application benchmark
APP-0077,17,productivity,managed_prefix,medium,none,none,none,managed_prefix,partial,72.6,28.52,11.15,80.85,0,42,72,71.0,8.0,synthetic row; not a real application benchmark
APP-0078,18,productivity,managed_prefix,medium,service,none,offline_activation,managed_prefix,partial,50.29,29.78,8.17,75.68,0,42,72,50.7,34.75,synthetic row; not a real application benchmark
APP-0079,19,productivity,managed_prefix,medium,none,none,online_activation,managed_prefix,partial,52.52,38.14,11.5,85.53,0,42,72,59.1,22.0,synthetic row; not a real application benchmark
APP-0080,20,productivity,managed_prefix,medium,none,none,offline_activation,managed_prefix,partial,70.46,31.51,9.93,74.08,0,42,72,64.2,16.0,synthetic row; not a real application benchmark
APP-0081,1,productivity,virtualisation,medium,none,none,hardware_dongle,app_profile,full,83.77,48.62,26.7,39.99,1,42,90,82.2,36.0,synthetic row; not a real application benchmark
APP-0082,2,productivity,virtualisation,low,none,none,none,app_profile,full,85.42,41.2,26.23,48.02,1,42,90,90.0,0.0,synthetic row; not a real application benchmark
APP-0083,3,productivity,virtualisation,low,none,none,online_activation,app_profile,full,81.95,47.03,23.56,51.59,1,42,90,86.5,14.0,synthetic row; not a real application benchmark
APP-0084,4,productivity,virtualisation,low,none,standard_device,none,app_profile,full,85.35,39.14,21.35,50.14,1,42,90,86.4,7.2,synthetic row; not a real application benchmark
APP-0085,5,productivity,virtualisation,medium,service,none,offline_activation,app_profile,partial,72.05,42.61,23.55,52.59,1,42,90,83.45,34.75,synthetic row; not a real application benchmark
APP-0086,6,productivity,virtualisation,low,service,none,offline_activation,app_profile,full,86.49,46.83,25.7,46.0,1,42,90,84.25,26.75,synthetic row; not a real application benchmark
APP-0087,7,productivity,virtualisation,high,none,none,none,app_profile,full,80.1,37.51,27.8,53.75,1,42,90,88.2,18.0,synthetic row; not a real application benchmark
APP-0088,8,productivity,virtualisation,medium,service,none,online_activation,app_profile,full,90.94,51.87,24.66,43.18,1,42,90,81.95,40.75,synthetic row; not a real application benchmark
APP-0089,9,productivity,virtualisation,low,service,none,online_activation,app_profile,full,91.68,52.34,22.76,50.17,1,42,90,82.75,32.75,synthetic row; not a real application benchmark
APP-0090,10,productivity,virtualisation,medium,none,none,offline_activation,app_profile,full,90.9,48.15,25.48,41.87,1,42,90,87.2,16.0,synthetic row; not a real application benchmark
APP-0091,11,productivity,virtualisation,low,none,none,online_activation,app_profile,full,95.14,50.24,24.51,54.4,1,42,90,86.5,14.0,synthetic row; not a real application benchmark
APP-0092,12,productivity,virtualisation,low,none,none,none,app_profile,full,90.3,36.79,23.9,48.68,1,42,90,90.0,0.0,synthetic row; not a real application benchmark
APP-0093,13,productivity,virtualisation,high,none,none,online_activation,app_profile,full,84.92,48.49,23.64,48.4,1,42,90,84.7,32.0,synthetic row; not a real application benchmark
APP-0094,14,productivity,virtualisation,low,none,none,online_activation,app_profile,full,77.57,44.31,25.99,53.24,1,42,90,86.5,14.0,synthetic row; not a real application benchmark
APP-0095,15,productivity,virtualisation,medium,none,none,online_activation,app_profile,full,87.42,48.32,27.37,53.4,1,42,90,85.7,22.0,synthetic row; not a real application benchmark
APP-0096,16,productivity,virtualisation,medium,kernel_driver,none,offline_activation,app_profile,full,77.44,50.29,26.71,41.73,1,42,90,78.45,59.75,synthetic row; not a real application benchmark
APP-0097,17,productivity,virtualisation,low,service,none,online_activation,app_profile,full,84.12,43.24,23.64,52.5,1,42,90,82.75,32.75,synthetic row; not a real application benchmark
APP-0098,18,productivity,virtualisation,medium,service,none,offline_activation,app_profile,partial,74.14,48.72,25.46,46.28,1,42,90,83.45,34.75,synthetic row; not a real application benchmark
APP-0099,19,productivity,virtualisation,medium,none,none,online_activation,app_profile,full,80.06,45.28,23.29,45.42,1,42,90,85.7,22.0,synthetic row; not a real application benchmark
APP-0100,20,productivity,virtualisation,low,none,none,none,app_profile,full,99.53,42.14,27.51,48.63,1,42,90,90.0,0.0,synthetic row; not a real application benchmark
APP-0101,1,creative,native_linux,medium,none,standard_device,online_activation,app_profile,full,86.66,12.68,2.56,95.44,0,42,95,90.2,29.2,synthetic row; not a real application benchmark
APP-0102,2,creative,native_linux,medium,none,standard_device,none,app_profile,full,94.68,7.7,0.0,100.0,0,42,95,93.0,15.2,synthetic row; not a real application benchmark
APP-0103,3,creative,native_linux,medium,none,standard_device,online_activation,app_profile,full,86.73,12.12,0.6,95.77,0,42,95,90.2,29.2,synthetic row; not a real application benchmark
APP-0104,4,creative,native_linux,medium,none,none,online_activation,app_profile,full,95.82,7.05,0.0,91.17,0,42,95,92.2,22.0,synthetic row; not a real application benchmark
APP-0105,5,creative,native_linux,medium,none,standard_device,online_activation,app_profile,full,91.33,12.59,1.06,92.71,0,42,95,90.2,29.2,synthetic row; not a real application benchmark
APP-0106,6,creative,native_linux,low,none,none,online_activation,app_profile,full,79.69,0.0,0.33,96.77,0,42,95,92.2,14.0,synthetic row; not a real application benchmark
APP-0107,7,creative,native_linux,medium,none,none,online_activation,app_profile,full,88.82,3.35,3.76,92.86,0,42,95,92.2,22.0,synthetic row; not a real application benchmark
APP-0108,8,creative,native_linux,medium,service,standard_device,offline_activation,app_profile,full,86.04,18.84,3.43,90.04,0,42,95,89.15,41.95,synthetic row; not a real application benchmark
APP-0109,9,creative,native_linux,medium,service,none,online_activation,app_profile,full,92.73,7.31,5.37,100.0,0,42,95,89.95,40.75,synthetic row; not a real application benchmark
APP-0110,10,creative,native_linux,high,none,standard_device,offline_activation,app_profile,full,82.0,8.83,2.55,97.88,0,42,95,91.4,33.2,synthetic row; not a real application benchmark
APP-0111,11,creative,native_linux,high,none,standard_device,online_activation,app_profile,full,92.27,10.37,4.43,97.42,0,42,95,90.2,39.2,synthetic row; not a real application benchmark
APP-0112,12,creative,native_linux,high,none,proprietary_device,offline_activation,app_profile,full,90.85,9.0,4.94,98.36,0,42,95,87.9,45.8,synthetic row; not a real application benchmark
APP-0113,13,creative,native_linux,medium,service,none,online_activation,app_profile,full,95.95,10.96,2.69,98.09,0,42,95,89.95,40.75,synthetic row; not a real application benchmark
APP-0114,14,creative,native_linux,high,service,standard_device,online_activation,app_profile,full,90.21,16.21,2.56,92.3,0,42,95,87.95,57.95,synthetic row; not a real application benchmark
APP-0115,15,creative,native_linux,medium,service,standard_device,online_activation,app_profile,full,89.99,18.27,4.14,91.14,0,42,95,87.95,47.95,synthetic row; not a real application benchmark
APP-0116,16,creative,native_linux,high,none,proprietary_device,offline_activation,app_profile,full,84.19,17.3,5.19,93.47,0,42,95,87.9,45.8,synthetic row; not a real application benchmark
APP-0117,17,creative,native_linux,high,none,proprietary_device,offline_activation,app_profile,full,82.69,18.02,4.3,88.93,0,42,95,87.9,45.8,synthetic row; not a real application benchmark
APP-0118,18,creative,native_linux,medium,kernel_driver,none,offline_activation,app_profile,full,91.83,14.1,5.46,88.13,0,42,95,88.15,59.75,synthetic row; not a real application benchmark
APP-0119,19,creative,native_linux,high,service,proprietary_device,online_activation,app_profile,full,82.04,21.28,8.68,99.53,0,42,95,84.45,70.55,synthetic row; not a real application benchmark
APP-0120,20,creative,native_linux,high,none,standard_device,online_activation,app_profile,full,90.81,11.82,5.93,97.16,0,42,95,90.2,39.2,synthetic row; not a real application benchmark
APP-0121,1,creative,wine_like,medium,none,standard_device,none,raw,partial,45.95,77.5,14.79,61.92,0,42,65,42.6,15.2,synthetic row; not a real application benchmark
APP-0122,2,creative,wine_like,medium,none,standard_device,online_activation,raw,failed,24.19,82.01,12.73,59.05,0,42,65,29.3,29.2,synthetic row; not a real application benchmark
APP-0123,3,creative,wine_like,medium,service,proprietary_device,offline_activation,raw,failed,0.0,85.64,10.36,55.49,0,42,65,6.7,54.55,synthetic row; not a real application benchmark
APP-0124,4,creative,wine_like,high,none,proprietary_device,offline_activation,raw,failed,15.63,84.49,15.12,61.54,0,42,65,13.2,45.8,synthetic row; not a real application benchmark
APP-0125,5,creative,wine_like,medium,kernel_driver,proprietary_device,offline_activation,raw,failed,0.0,91.51,14.0,48.91,0,42,65,-13.3,79.55,synthetic row; not a real application benchmark
APP-0126,6,creative,wine_like,high,service,proprietary_device,hardware_dongle,raw,failed,0.0,94.04,20.61,49.84,0,42,65,-20.8,84.55,synthetic row; not a real application benchmark
APP-0127,7,creative,wine_like,medium,none,none,offline_activation,raw,failed,41.83,84.42,11.89,66.53,0,42,65,42.6,16.0,synthetic row; not a real application benchmark
APP-0128,8,creative,wine_like,medium,none,none,online_activation,managed_prefix,failed,44.51,69.01,10.57,67.08,0,42,65,44.9,22.0,synthetic row; not a real application benchmark
APP-0129,9,creative,wine_like,high,none,none,online_activation,raw,failed,25.47,88.04,14.29,61.4,0,42,65,28.4,32.0,synthetic row; not a real application benchmark
APP-0130,10,creative,wine_like,high,none,proprietary_device,online_activation,raw,failed,0.0,90.41,14.57,55.22,0,42,65,7.5,51.8,synthetic row; not a real application benchmark
APP-0131,11,creative,wine_like,medium,service,standard_device,hardware_dongle,managed_prefix,failed,8.66,83.92,14.87,68.04,0,42,65,9.0,61.95,synthetic row; not a real application benchmark
APP-0132,12,creative,wine_like,medium,none,standard_device,none,raw,failed,37.11,81.8,10.57,57.22,0,42,65,42.6,15.2,synthetic row; not a real application benchmark
APP-0133,13,creative,wine_like,medium,none,standard_device,online_activation,raw,failed,28.1,82.21,13.44,64.93,0,42,65,29.3,29.2,synthetic row; not a real application benchmark
APP-0134,14,creative,wine_like,medium,none,none,none,raw,partial,46.45,76.06,12.43,60.92,0,42,65,50.2,8.0,synthetic row; not a real application benchmark
APP-0135,15,creative,wine_like,high,none,none,online_activation,managed_prefix,failed,35.08,69.56,16.56,67.34,0,42,65,36.4,32.0,synthetic row; not a real application benchmark
APP-0136,16,creative,wine_like,high,none,standard_device,online_activation,managed_prefix,failed,37.39,65.02,10.28,64.23,0,42,65,28.8,39.2,synthetic row; not a real application benchmark
APP-0137,17,creative,wine_like,high,none,none,offline_activation,raw,failed,39.25,81.84,15.73,63.09,0,42,65,34.1,26.0,synthetic row; not a real application benchmark
APP-0138,18,creative,wine_like,high,none,standard_device,online_activation,managed_prefix,failed,16.55,68.63,11.91,64.95,0,42,65,28.8,39.2,synthetic row; not a real application benchmark
APP-0139,19,creative,wine_like,medium,service,standard_device,online_activation,managed_prefix,failed,31.31,73.15,13.15,59.55,0,42,65,22.3,47.95,synthetic row; not a real application benchmark
APP-0140,20,creative,wine_like,medium,none,standard_device,online_activation,managed_prefix,failed,33.49,72.39,14.01,68.07,0,42,65,37.3,29.2,synthetic row; not a real application benchmark
APP-0141,1,creative,proton_like,medium,none,standard_device,none,raw,partial,61.12,47.74,10.01,76.85,0,42,78,68.0,15.2,synthetic row; not a real application benchmark
APP-0142,2,creative,proton_like,high,none,standard_device,hardware_dongle,raw,partial,52.97,64.94,7.82,70.69,0,42,78,43.3,53.2,synthetic row; not a real application benchmark
APP-0143,3,creative,proton_like,medium,none,none,online_activation,raw,partial,61.29,47.2,7.45,73.15,0,42,78,61.8,22.0,synthetic row; not a real application benchmark
APP-0144,4,creative,proton_like,low,none,none,online_activation,managed_prefix,partial,64.47,34.95,2.7,76.49,0,42,78,65.4,14.0,synthetic row; not a real application benchmark
APP-0145,5,creative,proton_like,medium,none,none,online_activation,app_profile,partial,68.25,33.44,10.37,82.4,0,42,78,61.8,22.0,synthetic row; not a real application benchmark
APP-0146,6,creative,proton_like,medium,none,proprietary_device,online_activation,app_profile,failed,41.45,32.81,7.75,81.95,0,42,78,44.2,41.8,synthetic row; not a real application benchmark
APP-0147,7,creative,proton_like,medium,none,none,offline_activation,raw,partial,74.96,53.71,6.8,82.73,0,42,78,67.2,16.0,synthetic row; not a real application benchmark
APP-0148,8,creative,proton_like,medium,none,standard_device,hardware_dongle,app_profile,failed,41.94,30.36,11.21,90.47,0,42,78,42.8,43.2,synthetic row; not a real application benchmark
APP-0149,9,creative,proton_like,medium,service,standard_device,offline_activation,managed_prefix,partial,46.36,50.56,8.92,82.15,0,42,78,46.55,41.95,synthetic row; not a real application benchmark
APP-0150,10,creative,proton_like,medium,none,standard_device,online_activation,managed_prefix,partial,51.22,44.45,10.58,82.77,0,42,78,55.4,29.2,synthetic row; not a real application benchmark
APP-0151,11,creative,proton_like,low,kernel_driver,standard_device,hardware_dongle,managed_prefix,failed,13.27,47.2,13.12,76.6,0,42,78,13.15,78.95,synthetic row; not a real application benchmark
APP-0152,12,creative,proton_like,low,service,proprietary_device,online_activation,managed_prefix,failed,33.85,47.3,7.27,75.26,0,42,78,33.55,52.55,synthetic row; not a real application benchmark
APP-0153,13,creative,proton_like,medium,none,none,offline_activation,app_profile,partial,56.55,31.63,10.49,79.7,0,42,78,67.2,16.0,synthetic row; not a real application benchmark
APP-0154,14,creative,proton_like,high,none,standard_device,online_activation,managed_prefix,failed,43.17,46.76,11.79,79.4,0,42,78,55.9,39.2,synthetic row; not a real application benchmark
APP-0155,15,creative,proton_like,high,none,standard_device,offline_activation,managed_prefix,partial,55.4,46.32,8.93,82.02,0,42,78,61.3,33.2,synthetic row; not a real application benchmark
APP-0156,16,creative,proton_like,medium,service,none,online_activation,managed_prefix,partial,53.5,39.76,8.28,79.66,0,42,78,47.55,40.75,synthetic row; not a real application benchmark
APP-0157,17,creative,proton_like,high,none,standard_device,online_activation,managed_prefix,partial,55.28,47.27,6.52,76.1,0,42,78,55.9,39.2,synthetic row; not a real application benchmark
APP-0158,18,creative,proton_like,high,none,proprietary_device,hardware_dongle,raw,failed,35.39,71.44,10.69,68.41,0,42,78,32.1,65.8,synthetic row; not a real application benchmark
APP-0159,19,creative,proton_like,medium,none,standard_device,hardware_dongle,app_profile,failed,44.43,33.67,11.11,83.96,0,42,78,42.8,43.2,synthetic row; not a real application benchmark
APP-0160,20,creative,proton_like,low,kernel_driver,proprietary_device,none,raw,failed,36.71,59.36,9.97,64.32,0,42,78,27.15,63.55,synthetic row; not a real application benchmark
APP-0161,1,creative,managed_prefix,high,none,standard_device,none,app_profile,partial,64.01,26.98,13.03,73.89,0,42,72,59.7,25.2,synthetic row; not a real application benchmark
APP-0162,2,creative,managed_prefix,low,service,standard_device,online_activation,app_profile,partial,49.82,23.38,11.03,77.61,0,42,72,47.8,39.95,synthetic row; not a real application benchmark
APP-0163,3,creative,managed_prefix,medium,none,proprietary_device,hardware_dongle,app_profile,failed,17.16,33.83,11.79,68.59,0,42,72,31.5,55.8,synthetic row; not a real application benchmark
APP-0164,4,creative,managed_prefix,medium,none,none,online_activation,managed_prefix,partial,55.74,40.71,9.71,77.85,0,42,72,59.1,22.0,synthetic row; not a real application benchmark
APP-0165,5,creative,managed_prefix,medium,kernel_driver,none,online_activation,app_profile,failed,23.55,38.53,11.55,73.93,0,42,72,30.6,65.75,synthetic row; not a real application benchmark
APP-0166,6,creative,managed_prefix,low,none,standard_device,hardware_dongle,managed_prefix,partial,46.36,39.65,9.64,83.32,0,42,72,46.4,35.2,synthetic row; not a real application benchmark
APP-0167,7,creative,managed_prefix,high,kernel_driver,none,none,managed_prefix,failed,36.98,45.38,13.26,69.88,0,42,72,32.0,61.75,synthetic row; not a real application benchmark
APP-0168,8,creative,managed_prefix,medium,none,none,online_activation,app_profile,partial,66.22,30.48,12.11,82.98,0,42,72,62.1,22.0,synthetic row; not a real application benchmark
APP-0169,9,creative,managed_prefix,high,none,none,online_activation,managed_prefix,partial,51.18,35.54,5.89,71.01,0,42,72,51.6,32.0,synthetic row; not a real application benchmark
APP-0170,10,creative,managed_prefix,medium,none,none,online_activation,managed_prefix,partial,58.38,35.96,15.45,82.07,0,42,72,59.1,22.0,synthetic row; not a real application benchmark
APP-0171,11,creative,managed_prefix,high,none,none,online_activation,managed_prefix,partial,49.62,43.17,11.57,85.2,0,42,72,51.6,32.0,synthetic row; not a real application benchmark
APP-0172,12,creative,managed_prefix,high,none,standard_device,online_activation,app_profile,failed,43.53,33.14,14.26,78.56,0,42,72,47.8,39.2,synthetic row; not a real application benchmark
APP-0173,13,creative,managed_prefix,high,none,none,online_activation,managed_prefix,partial,57.23,37.25,7.28,75.24,0,42,72,51.6,32.0,synthetic row; not a real application benchmark
APP-0174,14,creative,managed_prefix,medium,none,proprietary_device,offline_activation,managed_prefix,partial,47.75,41.35,12.35,72.92,0,42,72,45.5,35.8,synthetic row; not a real application benchmark
APP-0175,15,creative,managed_prefix,high,none,standard_device,online_activation,managed_prefix,partial,45.69,36.83,12.23,71.91,0,42,72,44.8,39.2,synthetic row; not a real application benchmark
APP-0176,16,creative,managed_prefix,high,none,standard_device,online_activation,app_profile,partial,51.36,26.57,11.15,75.9,0,42,72,47.8,39.2,synthetic row; not a real application benchmark
APP-0177,17,creative,managed_prefix,medium,none,standard_device,offline_activation,managed_prefix,partial,57.18,43.59,11.54,74.67,0,42,72,57.4,23.2,synthetic row; not a real application benchmark
APP-0178,18,creative,managed_prefix,medium,none,standard_device,offline_activation,app_profile,partial,56.83,32.85,10.65,70.66,0,42,72,60.4,23.2,synthetic row; not a real application benchmark
APP-0179,19,creative,managed_prefix,high,none,proprietary_device,hardware_dongle,app_profile,failed,29.39,42.39,12.78,67.06,0,42,72,24.0,65.8,synthetic row; not a real application benchmark
APP-0180,20,creative,managed_prefix,medium,none,standard_device,online_activation,app_profile,partial,65.34,24.96,12.78,71.65,0,42,72,55.3,29.2,synthetic row; not a real application benchmark
APP-0181,1,creative,virtualisation,high,service,proprietary_device,offline_activation,app_profile,partial,73.73,56.18,30.45,41.4,1,42,90,72.55,64.55,synthetic row; not a real application benchmark
APP-0182,2,creative,virtualisation,medium,none,none,offline_activation,app_profile,full,79.36,42.7,23.64,47.54,1,42,90,87.2,16.0,synthetic row; not a real application benchmark
APP-0183,3,creative,virtualisation,high,service,none,offline_activation,app_profile,full,86.5,50.52,25.62,47.31,1,42,90,82.45,44.75,synthetic row; not a real application benchmark
APP-0184,4,creative,virtualisation,high,service,none,offline_activation,app_profile,full,76.63,51.75,27.86,40.4,1,42,90,82.45,44.75,synthetic row; not a real application benchmark
APP-0185,5,creative,virtualisation,medium,service,standard_device,offline_activation,app_profile,partial,72.58,45.55,25.94,49.27,1,42,90,79.85,41.95,synthetic row; not a real application benchmark
APP-0186,6,creative,virtualisation,high,none,none,online_activation,app_profile,full,87.45,46.49,25.56,42.52,1,42,90,84.7,32.0,synthetic row; not a real application benchmark
APP-0187,7,creative,virtualisation,medium,none,none,online_activation,app_profile,full,78.77,41.16,24.45,46.08,1,42,90,85.7,22.0,synthetic row; not a real application benchmark
APP-0188,8,creative,virtualisation,high,none,standard_device,hardware_dongle,app_profile,full,85.49,49.83,26.17,51.93,1,42,90,77.6,53.2,synthetic row; not a real application benchmark
APP-0189,9,creative,virtualisation,medium,none,none,online_activation,app_profile,full,88.24,47.58,24.36,47.46,1,42,90,85.7,22.0,synthetic row; not a real application benchmark
APP-0190,10,creative,virtualisation,medium,none,none,none,app_profile,full,85.81,46.13,30.63,41.89,1,42,90,89.2,8.0,synthetic row; not a real application benchmark
APP-0191,11,creative,virtualisation,medium,none,none,online_activation,app_profile,full,89.51,51.5,25.18,53.53,1,42,90,85.7,22.0,synthetic row; not a real application benchmark
APP-0192,12,creative,virtualisation,high,none,none,online_activation,app_profile,full,78.6,45.98,26.09,48.93,1,42,90,84.7,32.0,synthetic row; not a real application benchmark
APP-0193,13,creative,virtualisation,high,kernel_driver,standard_device,online_activation,app_profile,partial,72.39,57.48,24.74,44.16,1,42,90,72.35,82.95,synthetic row; not a real application benchmark
APP-0194,14,creative,virtualisation,high,none,none,offline_activation,app_profile,full,86.47,47.62,28.14,48.29,1,42,90,86.2,26.0,synthetic row; not a real application benchmark
APP-0195,15,creative,virtualisation,high,service,none,online_activation,app_profile,full,79.02,51.35,23.27,48.3,1,42,90,80.95,50.75,synthetic row; not a real application benchmark
APP-0196,16,creative,virtualisation,high,service,proprietary_device,hardware_dongle,app_profile,partial,62.05,60.19,31.32,47.12,1,42,90,67.55,84.55,synthetic row; not a real application benchmark
APP-0197,17,creative,virtualisation,low,none,proprietary_device,offline_activation,app_profile,partial,74.61,48.74,22.12,45.14,1,42,90,78.1,27.8,synthetic row; not a real application benchmark
APP-0198,18,creative,virtualisation,medium,service,none,online_activation,app_profile,full,83.77,46.9,24.84,40.75,1,42,90,81.95,40.75,synthetic row; not a real application benchmark
APP-0199,19,creative,virtualisation,high,none,standard_device,none,app_profile,full,87.8,46.35,26.78,46.83,1,42,90,84.6,25.2,synthetic row; not a real application benchmark
APP-0200,20,creative,virtualisation,high,none,standard_device,offline_activation,app_profile,full,75.69,47.97,23.78,49.04,1,42,90,82.6,33.2,synthetic row; not a real application benchmark
APP-0201,1,cad_engineering,native_linux,high,none,standard_device,none,app_profile,full,87.36,6.53,4.56,88.1,0,42,95,93.0,25.2,synthetic row; not a real application benchmark
APP-0202,2,cad_engineering,native_linux,high,service,standard_device,online_activation,app_profile,full,93.07,13.64,3.72,86.05,0,42,95,87.95,57.95,synthetic row; not a real application benchmark
APP-0203,3,cad_engineering,native_linux,high,none,proprietary_device,hardware_dongle,app_profile,full,80.98,15.49,6.33,89.25,0,42,95,83.9,65.8,synthetic row; not a real application benchmark
APP-0204,4,cad_engineering,native_linux,medium,none,none,hardware_dongle,app_profile,full,95.04,9.99,0.92,96.88,0,42,95,89.4,36.0,synthetic row; not a real application benchmark
APP-0205,5,cad_engineering,native_linux,high,service,proprietary_device,online_activation,app_profile,full,83.38,12.03,4.69,96.01,0,42,95,84.45,70.55,synthetic row; not a real application benchmark
APP-0206,6,cad_engineering,native_linux,high,none,proprietary_device,online_activation,app_profile,full,84.76,20.71,6.13,89.35,0,42,95,86.7,51.8,synthetic row; not a real application benchmark
APP-0207,7,cad_engineering,native_linux,high,kernel_driver,none,hardware_dongle,app_profile,full,81.69,22.67,3.65,91.27,0,42,95,84.15,89.75,synthetic row; not a real application benchmark
APP-0208,8,cad_engineering,native_linux,medium,service,standard_device,online_activation,app_profile,full,96.5,20.87,1.82,95.43,0,42,95,87.95,47.95,synthetic row; not a real application benchmark
APP-0209,9,cad_engineering,native_linux,high,service,proprietary_device,offline_activation,app_profile,full,80.39,16.02,3.29,95.72,0,42,95,85.65,64.55,synthetic row; not a real application benchmark
APP-0210,10,cad_engineering,native_linux,high,service,standard_device,hardware_dongle,app_profile,full,82.89,17.39,2.29,100.0,0,42,95,85.15,71.95,synthetic row; not a real application benchmark
APP-0211,11,cad_engineering,native_linux,high,kernel_driver,standard_device,online_activation,app_profile,full,79.34,24.15,7.3,92.53,0,42,95,84.95,82.95,synthetic row; not a real application benchmark
APP-0212,12,cad_engineering,native_linux,high,kernel_driver,standard_device,online_activation,app_profile,full,90.5,11.93,6.28,96.21,0,42,95,84.95,82.95,synthetic row; not a real application benchmark
APP-0213,13,cad_engineering,native_linux,medium,none,standard_device,hardware_dongle,app_profile,full,78.14,10.3,2.63,96.81,0,42,95,87.4,43.2,synthetic row; not a real application benchmark
APP-0214,14,cad_engineering,native_linux,high,none,proprietary_device,online_activation,app_profile,full,85.18,13.16,5.3,86.92,0,42,95,86.7,51.8,synthetic row; not a real application benchmark
APP-0215,15,cad_engineering,native_linux,high,service,proprietary_device,hardware_dongle,app_profile,partial,71.89,12.7,6.27,92.32,0,42,95,81.65,84.55,synthetic row; not a real application benchmark
APP-0216,16,cad_engineering,native_linux,medium,service,proprietary_device,hardware_dongle,app_profile,full,84.07,17.06,0.5,95.43,0,42,95,81.65,74.55,synthetic row; not a real application benchmark
APP-0217,17,cad_engineering,native_linux,medium,service,proprietary_device,online_activation,app_profile,full,88.75,21.54,2.97,91.44,0,42,95,84.45,60.55,synthetic row; not a real application benchmark
APP-0218,18,cad_engineering,native_linux,high,none,standard_device,online_activation,app_profile,full,93.09,11.65,4.72,96.37,0,42,95,90.2,39.2,synthetic row; not a real application benchmark
APP-0219,19,cad_engineering,native_linux,high,none,standard_device,offline_activation,app_profile,full,95.79,4.11,1.66,89.25,0,42,95,91.4,33.2,synthetic row; not a real application benchmark
APP-0220,20,cad_engineering,native_linux,high,service,none,online_activation,app_profile,full,86.74,13.23,3.8,99.44,0,42,95,89.95,50.75,synthetic row; not a real application benchmark
APP-0221,1,cad_engineering,wine_like,medium,service,none,hardware_dongle,raw,failed,1.62,88.22,11.23,65.4,0,42,65,8.6,54.75,synthetic row; not a real application benchmark
APP-0222,2,cad_engineering,wine_like,high,kernel_driver,none,offline_activation,managed_prefix,failed,5.25,79.04,16.94,60.5,0,42,65,7.1,69.75,synthetic row; not a real application benchmark
APP-0223,3,cad_engineering,wine_like,high,service,proprietary_device,online_activation,raw,failed,1.54,96.5,12.47,58.25,0,42,65,-7.5,70.55,synthetic row; not a real application benchmark
APP-0224,4,cad_engineering,wine_like,high,service,none,online_activation,raw,failed,8.08,86.1,11.28,61.92,0,42,65,13.4,50.75,synthetic row; not a real application benchmark
APP-0225,5,cad_engineering,wine_like,medium,service,proprietary_device,offline_activation,raw,failed,3.79,80.9,15.63,53.55,0,42,65,6.7,54.55,synthetic row; not a real application benchmark
APP-0226,6,cad_engineering,wine_like,high,kernel_driver,standard_device,hardware_dongle,raw,failed,0.0,89.46,15.74,55.74,0,42,65,-27.5,96.95,synthetic row; not a real application benchmark
APP-0227,7,cad_engineering,wine_like,high,kernel_driver,proprietary_device,online_activation,raw,failed,0.0,99.56,10.42,49.89,0,42,65,-27.5,95.55,synthetic row; not a real application benchmark
APP-0228,8,cad_engineering,wine_like,high,none,proprietary_device,offline_activation,raw,failed,3.59,91.12,15.01,52.83,0,42,65,13.2,45.8,synthetic row; not a real application benchmark
APP-0229,9,cad_engineering,wine_like,high,service,standard_device,offline_activation,raw,failed,9.48,82.65,17.47,52.75,0,42,65,11.5,51.95,synthetic row; not a real application benchmark
APP-0230,10,cad_engineering,wine_like,high,none,proprietary_device,offline_activation,raw,failed,6.83,86.98,12.66,48.88,0,42,65,13.2,45.8,synthetic row; not a real application benchmark
APP-0231,11,cad_engineering,wine_like,medium,none,proprietary_device,online_activation,raw,failed,26.0,85.53,14.61,50.49,0,42,65,16.0,41.8,synthetic row; not a real application benchmark
APP-0232,12,cad_engineering,wine_like,high,service,proprietary_device,online_activation,managed_prefix,failed,0.0,78.46,16.05,58.79,0,42,65,0.5,70.55,synthetic row; not a real application benchmark
APP-0233,13,cad_engineering,wine_like,medium,none,proprietary_device,none,raw,failed,28.86,80.78,15.71,56.66,0,42,65,29.3,27.8,synthetic row; not a real application benchmark
APP-0234,14,cad_engineering,wine_like,medium,none,proprietary_device,online_activation,raw,failed,6.53,86.17,17.27,59.55,0,42,65,16.0,41.8,synthetic row; not a real application benchmark
APP-0235,15,cad_engineering,wine_like,high,kernel_driver,standard_device,online_activation,raw,failed,0.0,92.09,14.15,51.92,0,42,65,-14.2,82.95,synthetic row; not a real application benchmark
APP-0236,16,cad_engineering,wine_like,medium,service,proprietary_device,none,raw,failed,14.74,87.07,15.33,54.98,0,42,65,14.3,46.55,synthetic row; not a real application benchmark
APP-0237,17,cad_engineering,wine_like,high,kernel_driver,none,online_activation,raw,failed,0.0,83.68,17.45,56.37,0,42,65,-6.6,75.75,synthetic row; not a real application benchmark
APP-0238,18,cad_engineering,wine_like,high,kernel_driver,standard_device,online_activation,managed_prefix,failed,0.0,81.26,18.86,61.79,0,42,65,-6.2,82.95,synthetic row; not a real application benchmark
APP-0239,19,cad_engineering,wine_like,high,none,standard_device,hardware_dongle,raw,failed,3.55,87.62,14.14,55.07,0,42,65,7.5,53.2,synthetic row; not a real application benchmark
APP-0240,20,cad_engineering,wine_like,high,none,proprietary_device,online_activation,raw,failed,14.04,85.83,16.44,56.01,0,42,65,7.5,51.8,synthetic row; not a real application benchmark
APP-0241,1,cad_engineering,proton_like,high,none,proprietary_device,offline_activation,managed_prefix,partial,46.57,50.29,12.44,85.27,0,42,78,45.1,45.8,synthetic row; not a real application benchmark
APP-0242,2,cad_engineering,proton_like,high,none,proprietary_device,online_activation,managed_prefix,failed,40.21,43.31,12.65,72.7,0,42,78,39.7,51.8,synthetic row; not a real application benchmark
APP-0243,3,cad_engineering,proton_like,medium,none,proprietary_device,offline_activation,app_profile,partial,47.14,28.86,8.91,77.23,0,42,78,49.6,35.8,synthetic row; not a real application benchmark
APP-0244,4,cad_engineering,proton_like,high,none,none,online_activation,managed_prefix,partial,56.44,46.16,9.74,84.12,0,42,78,57.3,32.0,synthetic row; not a real application benchmark
APP-0245,5,cad_engineering,proton_like,medium,none,none,offline_activation,managed_prefix,partial,67.48,33.46,8.73,82.22,0,42,78,67.2,16.0,synthetic row; not a real application benchmark
APP-0246,6,cad_engineering,proton_like,high,none,none,none,managed_prefix,partial,70.69,43.59,11.35,81.62,0,42,78,69.9,18.0,synthetic row; not a real application benchmark
APP-0247,7,cad_engineering,proton_like,high,none,proprietary_device,hardware_dongle,app_profile,failed,27.76,45.88,11.31,84.74,0,42,78,27.1,65.8,synthetic row; not a real application benchmark
APP-0248,8,cad_engineering,proton_like,high,kernel_driver,none,hardware_dongle,app_profile,failed,2.88,41.24,12.74,79.63,0,42,78,11.45,89.75,synthetic row; not a real application benchmark
APP-0249,9,cad_engineering,proton_like,high,service,proprietary_device,offline_activation,managed_prefix,failed,32.8,51.59,13.54,76.14,0,42,78,30.85,64.55,synthetic row; not a real application benchmark
APP-0250,10,cad_engineering,proton_like,high,none,proprietary_device,online_activation,app_profile,failed,43.56,42.02,11.21,78.36,0,42,78,39.7,51.8,synthetic row; not a real application benchmark
APP-0251,11,cad_engineering,proton_like,medium,service,none,online_activation,managed_prefix,partial,49.66,47.07,9.6,89.1,0,42,78,47.55,40.75,synthetic row; not a real application benchmark
APP-0252,12,cad_engineering,proton_like,high,kernel_driver,proprietary_device,offline_activation,managed_prefix,failed,16.08,54.88,15.04,71.97,0,42,78,11.85,89.55,synthetic row; not a real application benchmark
APP-0253,13,cad_engineering,proton_like,high,none,proprietary_device,hardware_dongle,raw,failed,22.39,64.35,10.39,72.11,0,42,78,27.1,65.8,synthetic row; not a real application benchmark
APP-0254,14,cad_engineering,proton_like,medium,service,none,hardware_dongle,app_profile,failed,37.95,38.93,7.78,86.46,0,42,78,34.95,54.75,synthetic row; not a real application benchmark
APP-0255,15,cad_engineering,proton_like,high,none,none,hardware_dongle,managed_prefix,partial,51.21,47.63,11.01,86.99,0,42,78,44.7,46.0,synthetic row; not a real application benchmark
APP-0256,16,cad_engineering,proton_like,medium,kernel_driver,proprietary_device,online_activation,managed_prefix,failed,5.56,51.1,9.09,73.69,0,42,78,10.95,85.55,synthetic row; not a real application benchmark
APP-0257,17,cad_engineering,proton_like,medium,service,none,none,managed_prefix,partial,70.76,40.94,5.68,75.74,0,42,78,60.15,26.75,synthetic row; not a real application benchmark
APP-0258,18,cad_engineering,proton_like,high,kernel_driver,none,online_activation,managed_prefix,failed,26.79,52.2,9.34,72.75,0,42,78,24.05,75.75,synthetic row; not a real application benchmark
APP-0259,19,cad_engineering,proton_like,medium,none,none,online_activation,managed_prefix,partial,60.72,36.55,7.72,81.29,0,42,78,61.8,22.0,synthetic row; not a real application benchmark
APP-0260,20,cad_engineering,proton_like,high,service,proprietary_device,online_activation,app_profile,failed,27.64,45.24,10.85,82.51,0,42,78,25.45,70.55,synthetic row; not a real application benchmark
APP-0261,1,cad_engineering,managed_prefix,high,service,none,online_activation,managed_prefix,failed,38.16,39.91,11.1,67.81,0,42,72,38.1,50.75,synthetic row; not a real application benchmark
APP-0262,2,cad_engineering,managed_prefix,high,service,proprietary_device,hardware_dongle,app_profile,failed,11.67,41.2,14.88,82.09,0,42,72,10.5,84.55,synthetic row; not a real application benchmark
APP-0263,3,cad_engineering,managed_prefix,high,none,none,online_activation,app_profile,partial,49.98,25.12,11.72,79.64,0,42,72,54.6,32.0,synthetic row; not a real application benchmark
APP-0264,4,cad_engineering,managed_prefix,medium,none,proprietary_device,hardware_dongle,managed_prefix,failed,33.21,45.07,10.88,65.27,0,42,72,28.5,55.8,synthetic row; not a real application benchmark
APP-0265,5,cad_engineering,managed_prefix,low,none,proprietary_device,hardware_dongle,app_profile,failed,40.88,23.57,13.39,70.87,0,42,72,37.5,47.8,synthetic row; not a real application benchmark
APP-0266,6,cad_engineering,managed_prefix,high,none,proprietary_device,hardware_dongle,app_profile,failed,20.08,38.15,12.73,77.51,0,42,72,24.0,65.8,synthetic row; not a real application benchmark
APP-0267,7,cad_engineering,managed_prefix,medium,none,proprietary_device,online_activation,app_profile,partial,45.48,27.94,13.38,79.23,0,42,72,43.4,41.8,synthetic row; not a real application benchmark
APP-0268,8,cad_engineering,managed_prefix,medium,kernel_driver,standard_device,offline_activation,managed_prefix,failed,15.98,47.54,12.71,73.57,0,42,72,25.9,66.95,synthetic row; not a real application benchmark
APP-0269,9,cad_engineering,managed_prefix,medium,none,proprietary_device,hardware_dongle,managed_prefix,failed,33.36,36.78,13.01,76.17,0,42,72,28.5,55.8,synthetic row; not a real application benchmark
APP-0270,10,cad_engineering,managed_prefix,high,none,proprietary_device,offline_activation,app_profile,failed,37.25,31.57,12.51,73.64,0,42,72,41.0,45.8,synthetic row; not a real application benchmark
APP-0271,11,cad_engineering,managed_prefix,high,none,standard_device,online_activation,app_profile,partial,57.48,31.35,14.86,79.45,0,42,72,47.8,39.2,synthetic row; not a real application benchmark
APP-0272,12,cad_engineering,managed_prefix,high,none,standard_device,hardware_dongle,app_profile,failed,37.73,32.95,13.09,87.34,0,42,72,35.9,53.2,synthetic row; not a real application benchmark
APP-0273,13,cad_engineering,managed_prefix,high,service,standard_device,online_activation,managed_prefix,failed,19.38,44.37,8.44,78.03,0,42,72,31.3,57.95,synthetic row; not a real application benchmark
APP-0274,14,cad_engineering,managed_prefix,medium,service,proprietary_device,offline_activation,managed_prefix,failed,31.83,40.13,12.89,80.42,0,42,72,32.0,54.55,synthetic row; not a real application benchmark
APP-0275,15,cad_engineering,managed_prefix,low,service,none,online_activation,app_profile,failed,44.33,27.05,12.22,73.87,0,42,72,54.6,32.75,synthetic row; not a real application benchmark
APP-0276,16,cad_engineering,managed_prefix,medium,none,none,online_activation,managed_prefix,partial,62.21,34.65,11.2,71.26,0,42,72,59.1,22.0,synthetic row; not a real application benchmark
APP-0277,17,cad_engineering,managed_prefix,medium,service,standard_device,online_activation,app_profile,partial,49.65,27.81,11.18,78.07,0,42,72,41.8,47.95,synthetic row; not a real application benchmark
APP-0278,18,cad_engineering,managed_prefix,high,none,standard_device,online_activation,managed_prefix,partial,48.74,34.9,11.8,73.94,0,42,72,44.8,39.2,synthetic row; not a real application benchmark
APP-0279,19,cad_engineering,managed_prefix,medium,kernel_driver,proprietary_device,offline_activation,app_profile,failed,17.21,37.75,12.97,73.51,0,42,72,17.0,79.55,synthetic row; not a real application benchmark
APP-0280,20,cad_engineering,managed_prefix,high,none,proprietary_device,hardware_dongle,managed_prefix,failed,24.34,50.09,13.03,63.76,0,42,72,21.0,65.8,synthetic row; not a real application benchmark
APP-0281,1,cad_engineering,virtualisation,medium,none,standard_device,online_activation,app_profile,full,76.3,47.03,24.91,44.82,1,42,90,82.1,29.2,synthetic row; not a real application benchmark
APP-0282,2,cad_engineering,virtualisation,high,service,proprietary_device,online_activation,app_profile,partial,67.56,54.34,24.43,43.51,1,42,90,71.05,70.55,synthetic row; not a real application benchmark
APP-0283,3,cad_engineering,virtualisation,high,kernel_driver,proprietary_device,offline_activation,app_profile,full,75.43,53.79,25.64,43.79,1,42,90,67.55,89.55,synthetic row; not a real application benchmark
APP-0284,4,cad_engineering,virtualisation,high,service,standard_device,online_activation,app_profile,partial,65.71,46.86,26.32,51.35,1,42,90,77.35,57.95,synthetic row; not a real application benchmark
APP-0285,5,cad_engineering,virtualisation,medium,none,none,online_activation,app_profile,full,82.82,46.73,28.44,42.91,1,42,90,85.7,22.0,synthetic row; not a real application benchmark
APP-0286,6,cad_engineering,virtualisation,high,kernel_driver,standard_device,hardware_dongle,app_profile,partial,64.06,57.17,28.23,46.13,1,42,90,68.85,96.95,synthetic row; not a real application benchmark
APP-0287,7,cad_engineering,virtualisation,high,kernel_driver,standard_device,online_activation,app_profile,full,76.05,61.58,32.89,40.65,1,42,90,72.35,82.95,synthetic row; not a real application benchmark
APP-0288,8,cad_engineering,virtualisation,high,kernel_driver,proprietary_device,online_activation,app_profile,partial,64.03,63.96,26.86,37.71,1,42,90,66.05,95.55,synthetic row; not a real application benchmark
APP-0289,9,cad_engineering,virtualisation,high,service,standard_device,offline_activation,app_profile,partial,69.27,48.06,24.25,44.53,1,42,90,78.85,51.95,synthetic row; not a real application benchmark
APP-0290,10,cad_engineering,virtualisation,medium,service,standard_device,offline_activation,app_profile,full,86.46,53.25,25.91,43.31,1,42,90,79.85,41.95,synthetic row; not a real application benchmark
APP-0291,11,cad_engineering,virtualisation,medium,kernel_driver,proprietary_device,hardware_dongle,app_profile,partial,63.73,53.97,27.94,42.4,1,42,90,63.55,99.55,synthetic row; not a real application benchmark
APP-0292,12,cad_engineering,virtualisation,low,kernel_driver,proprietary_device,hardware_dongle,app_profile,partial,64.17,59.7,26.49,39.78,1,42,90,64.35,91.55,synthetic row; not a real application benchmark
APP-0293,13,cad_engineering,virtualisation,high,none,standard_device,online_activation,app_profile,full,81.09,54.56,24.88,50.46,1,42,90,81.1,39.2,synthetic row; not a real application benchmark
APP-0294,14,cad_engineering,virtualisation,medium,service,standard_device,online_activation,app_profile,partial,67.39,49.61,28.34,47.36,1,42,90,78.35,47.95,synthetic row; not a real application benchmark
APP-0295,15,cad_engineering,virtualisation,medium,service,none,online_activation,app_profile,full,86.55,55.89,26.12,50.37,1,42,90,81.95,40.75,synthetic row; not a real application benchmark
APP-0296,16,cad_engineering,virtualisation,high,none,none,hardware_dongle,app_profile,full,85.22,52.59,24.63,49.04,1,42,90,81.2,46.0,synthetic row; not a real application benchmark
APP-0297,17,cad_engineering,virtualisation,high,service,proprietary_device,hardware_dongle,app_profile,full,76.46,59.74,24.12,49.92,1,42,90,67.55,84.55,synthetic row; not a real application benchmark
APP-0298,18,cad_engineering,virtualisation,medium,none,standard_device,online_activation,app_profile,full,79.39,53.39,26.36,48.38,1,42,90,82.1,29.2,synthetic row; not a real application benchmark
APP-0299,19,cad_engineering,virtualisation,high,service,none,online_activation,app_profile,full,76.62,45.81,27.63,49.27,1,42,90,80.95,50.75,synthetic row; not a real application benchmark
APP-0300,20,cad_engineering,virtualisation,high,none,proprietary_device,online_activation,app_profile,partial,74.57,52.85,26.5,52.68,1,42,90,74.8,51.8,synthetic row; not a real application benchmark
APP-0301,1,scientific,native_linux,medium,service,standard_device,hardware_dongle,app_profile,full,82.98,6.26,4.66,93.63,0,42,95,85.15,61.95,synthetic row; not a real application benchmark
APP-0302,2,scientific,native_linux,medium,none,proprietary_device,online_activation,app_profile,full,88.49,12.48,6.78,100.0,0,42,95,86.7,41.8,synthetic row; not a real application benchmark
APP-0303,3,scientific,native_linux,high,service,standard_device,offline_activation,app_profile,full,80.1,14.98,9.43,97.71,0,42,95,89.15,51.95,synthetic row; not a real application benchmark
APP-0304,4,scientific,native_linux,medium,kernel_driver,standard_device,offline_activation,app_profile,full,82.07,10.74,7.21,97.64,0,42,95,86.15,66.95,synthetic row; not a real application benchmark
APP-0305,5,scientific,native_linux,medium,service,proprietary_device,offline_activation,app_profile,full,87.95,18.08,4.89,97.99,0,42,95,85.65,54.55,synthetic row; not a real application benchmark
APP-0306,6,scientific,native_linux,high,service,proprietary_device,hardware_dongle,app_profile,full,84.0,23.45,2.5,89.06,0,42,95,81.65,84.55,synthetic row; not a real application benchmark
APP-0307,7,scientific,native_linux,high,none,standard_device,none,app_profile,full,90.28,14.15,4.1,98.22,0,42,95,93.0,25.2,synthetic row; not a real application benchmark
APP-0308,8,scientific,native_linux,medium,none,proprietary_device,hardware_dongle,app_profile,full,88.04,9.78,0.78,97.89,0,42,95,83.9,55.8,synthetic row; not a real application benchmark
APP-0309,9,scientific,native_linux,medium,none,standard_device,offline_activation,app_profile,full,91.36,11.32,1.74,100.0,0,42,95,91.4,23.2,synthetic row; not a real application benchmark
APP-0310,10,scientific,native_linux,medium,service,proprietary_device,none,app_profile,full,84.49,11.88,7.43,98.21,0,42,95,87.25,46.55,synthetic row; not a real application benchmark
APP-0311,11,scientific,native_linux,high,none,standard_device,hardware_dongle,app_profile,full,87.12,14.12,6.56,100.0,0,42,95,87.4,53.2,synthetic row; not a real application benchmark
APP-0312,12,scientific,native_linux,low,none,proprietary_device,online_activation,app_profile,full,89.64,9.95,1.38,90.77,0,42,95,86.7,33.8,synthetic row; not a real application benchmark
APP-0313,13,scientific,native_linux,medium,kernel_driver,none,none,app_profile,full,91.21,20.57,2.09,86.16,0,42,95,89.75,51.75,synthetic row; not a real application benchmark
APP-0314,14,scientific,native_linux,high,none,standard_device,hardware_dongle,app_profile,full,88.74,10.3,3.92,99.2,0,42,95,87.4,53.2,synthetic row; not a real application benchmark
APP-0315,15,scientific,native_linux,medium,none,none,online_activation,app_profile,full,90.09,7.28,2.0,97.91,0,42,95,92.2,22.0,synthetic row; not a real application benchmark
APP-0316,16,scientific,native_linux,low,none,standard_device,offline_activation,app_profile,full,89.08,7.54,2.0,98.86,0,42,95,91.4,15.2,synthetic row; not a real application benchmark
APP-0317,17,scientific,native_linux,high,service,none,online_activation,app_profile,full,96.11,11.41,6.39,93.99,0,42,95,89.95,50.75,synthetic row; not a real application benchmark
APP-0318,18,scientific,native_linux,medium,none,standard_device,none,app_profile,full,99.43,0.0,0.72,93.27,0,42,95,93.0,15.2,synthetic row; not a real application benchmark
APP-0319,19,scientific,native_linux,high,service,proprietary_device,online_activation,app_profile,full,86.93,18.38,6.51,88.9,0,42,95,84.45,70.55,synthetic row; not a real application benchmark
APP-0320,20,scientific,native_linux,low,none,none,hardware_dongle,app_profile,full,90.45,6.9,2.8,87.55,0,42,95,89.4,28.0,synthetic row; not a real application benchmark
APP-0321,1,scientific,wine_like,medium,service,proprietary_device,none,managed_prefix,failed,16.6,74.93,14.86,61.81,0,42,65,22.3,46.55,synthetic row; not a real application benchmark
APP-0322,2,scientific,wine_like,low,none,none,online_activation,raw,failed,35.03,78.52,10.83,60.52,0,42,65,43.7,14.0,synthetic row; not a real application benchmark
APP-0323,3,scientific,wine_like,high,none,proprietary_device,none,raw,failed,14.29,91.91,14.2,57.5,0,42,65,20.8,37.8,synthetic row; not a real application benchmark
APP-0324,4,scientific,wine_like,medium,service,proprietary_device,hardware_dongle,raw,failed,0.0,93.69,13.06,48.24,0,42,65,-12.3,74.55,synthetic row; not a real application benchmark
APP-0325,5,scientific,wine_like,medium,service,none,none,raw,failed,38.95,81.57,12.61,53.27,0,42,65,35.2,26.75,synthetic row; not a real application benchmark
APP-0326,6,scientific,wine_like,medium,service,standard_device,hardware_dongle,raw,failed,4.75,91.09,12.49,51.68,0,42,65,1.0,61.95,synthetic row; not a real application benchmark
APP-0327,7,scientific,wine_like,high,none,none,online_activation,raw,failed,37.16,85.6,15.34,65.87,0,42,65,28.4,32.0,synthetic row; not a real application benchmark
APP-0328,8,scientific,wine_like,high,service,standard_device,offline_activation,raw,failed,14.28,84.24,15.81,54.11,0,42,65,11.5,51.95,synthetic row; not a real application benchmark
APP-0329,9,scientific,wine_like,medium,none,standard_device,none,raw,failed,43.07,79.04,13.17,58.09,0,42,65,42.6,15.2,synthetic row; not a real application benchmark
APP-0330,10,scientific,wine_like,high,none,proprietary_device,hardware_dongle,raw,failed,0.0,93.3,16.24,56.57,0,42,65,-5.8,65.8,synthetic row; not a real application benchmark
APP-0331,11,scientific,wine_like,medium,none,standard_device,none,raw,failed,37.69,75.58,13.5,67.3,0,42,65,42.6,15.2,synthetic row; not a real application benchmark
APP-0332,12,scientific,wine_like,medium,none,none,none,raw,partial,48.38,75.32,11.73,62.03,0,42,65,50.2,8.0,synthetic row; not a real application benchmark
APP-0333,13,scientific,wine_like,medium,none,standard_device,offline_activation,raw,failed,27.3,81.8,14.63,56.28,0,42,65,35.0,23.2,synthetic row; not a real application benchmark
APP-0334,14,scientific,wine_like,low,none,proprietary_device,online_activation,raw,failed,35.27,79.64,15.28,61.48,0,42,65,22.8,33.8,synthetic row; not a real application benchmark
APP-0335,15,scientific,wine_like,medium,none,standard_device,hardware_dongle,raw,failed,21.98,84.9,12.94,64.78,0,42,65,16.0,43.2,synthetic row; not a real application benchmark
APP-0336,16,scientific,wine_like,low,kernel_driver,standard_device,online_activation,raw,failed,0.0,89.94,15.83,54.53,0,42,65,1.1,64.95,synthetic row; not a real application benchmark
APP-0337,17,scientific,wine_like,medium,kernel_driver,none,online_activation,managed_prefix,failed,9.59,77.3,13.52,59.19,0,42,65,9.9,65.75,synthetic row; not a real application benchmark
APP-0338,18,scientific,wine_like,medium,service,standard_device,offline_activation,raw,failed,13.71,85.64,16.94,58.41,0,42,65,20.0,41.95,synthetic row; not a real application benchmark
APP-0339,19,scientific,wine_like,high,none,none,none,raw,failed,42.28,70.53,11.16,59.85,0,42,65,41.7,18.0,synthetic row; not a real application benchmark
APP-0340,20,scientific,wine_like,medium,none,standard_device,offline_activation,managed_prefix,partial,48.7,70.59,13.89,68.45,0,42,65,43.0,23.2,synthetic row; not a real application benchmark
APP-0341,1,scientific,proton_like,low,kernel_driver,standard_device,offline_activation,raw,failed,30.68,52.95,8.56,64.31,0,42,78,31.15,58.95,synthetic row; not a real application benchmark
APP-0342,2,scientific,proton_like,medium,none,standard_device,offline_activation,managed_prefix,partial,53.77,44.68,8.21,78.76,0,42,78,60.8,23.2,synthetic row; not a real application benchmark
APP-0343,3,scientific,proton_like,low,kernel_driver,standard_device,online_activation,managed_prefix,failed,23.33,54.35,9.88,66.21,0,42,78,25.75,64.95,synthetic row; not a real application benchmark
APP-0344,4,scientific,proton_like,medium,none,standard_device,none,managed_prefix,partial,72.56,36.11,9.73,75.31,0,42,78,68.0,15.2,synthetic row; not a real application benchmark
APP-0345,5,scientific,proton_like,high,service,none,offline_activation,managed_prefix,failed,41.7,42.85,8.91,83.23,0,42,78,48.45,44.75,synthetic row; not a real application benchmark
APP-0346,6,scientific,proton_like,low,service,standard_device,none,managed_prefix,partial,64.46,38.39,7.58,84.72,0,42,78,57.35,25.95,synthetic row; not a real application benchmark
APP-0347,7,scientific,proton_like,low,service,none,hardware_dongle,app_profile,partial,46.55,37.29,10.05,88.43,0,42,78,38.55,46.75,synthetic row; not a real application benchmark
APP-0348,8,scientific,proton_like,low,none,none,offline_activation,managed_prefix,partial,60.16,32.53,9.06,82.46,0,42,78,70.8,8.0,synthetic row; not a real application benchmark
APP-0349,9,scientific,proton_like,medium,kernel_driver,standard_device,offline_activation,app_profile,failed,23.87,39.71,7.48,84.79,0,42,78,27.55,66.95,synthetic row; not a real application benchmark
APP-0350,10,scientific,proton_like,high,service,none,none,managed_prefix,partial,55.5,40.16,10.64,81.02,0,42,78,55.65,36.75,synthetic row; not a real application benchmark
APP-0351,11,scientific,proton_like,high,kernel_driver,standard_device,online_activation,app_profile,failed,29.15,42.94,14.77,78.37,0,42,78,17.65,82.95,synthetic row; not a real application benchmark
APP-0352,12,scientific,proton_like,high,service,standard_device,online_activation,raw,failed,44.58,58.19,13.65,74.71,0,42,78,36.65,57.95,synthetic row; not a real application benchmark
APP-0353,13,scientific,proton_like,medium,kernel_driver,standard_device,offline_activation,managed_prefix,failed,21.5,56.92,12.32,73.81,0,42,78,27.55,66.95,synthetic row; not a real application benchmark
APP-0354,14,scientific,proton_like,high,service,proprietary_device,hardware_dongle,app_profile,failed,10.54,37.71,13.84,78.27,0,42,78,12.85,84.55,synthetic row; not a real application benchmark
APP-0355,15,scientific,proton_like,medium,none,standard_device,online_activation,app_profile,partial,60.34,31.53,8.02,88.63,0,42,78,55.4,29.2,synthetic row; not a real application benchmark
APP-0356,16,scientific,proton_like,high,kernel_driver,proprietary_device,hardware_dongle,app_profile,failed,1.36,51.21,11.0,75.67,0,42,78,-6.15,100.0,synthetic row; not a real application benchmark
APP-0357,17,scientific,proton_like,medium,none,proprietary_device,none,app_profile,partial,58.16,34.1,11.26,76.68,0,42,78,56.8,27.8,synthetic row; not a real application benchmark
APP-0358,18,scientific,proton_like,medium,none,proprietary_device,offline_activation,managed_prefix,partial,45.43,43.81,12.64,77.12,0,42,78,49.6,35.8,synthetic row; not a real application benchmark
APP-0359,19,scientific,proton_like,medium,service,none,offline_activation,raw,partial,55.56,55.16,12.25,77.73,0,42,78,52.95,34.75,synthetic row; not a real application benchmark
APP-0360,20,scientific,proton_like,medium,none,none,online_activation,app_profile,partial,59.59,29.9,7.46,84.74,0,42,78,61.8,22.0,synthetic row; not a real application benchmark
APP-0361,1,scientific,managed_prefix,high,service,proprietary_device,none,app_profile,failed,34.32,36.03,14.59,81.66,0,42,72,34.3,56.55,synthetic row; not a real application benchmark
APP-0362,2,scientific,managed_prefix,low,service,standard_device,online_activation,app_profile,partial,54.14,26.37,11.06,69.25,0,42,72,47.8,39.95,synthetic row; not a real application benchmark
APP-0363,3,scientific,managed_prefix,medium,none,none,offline_activation,managed_prefix,partial,61.59,31.72,12.28,71.35,0,42,72,64.2,16.0,synthetic row; not a real application benchmark
APP-0364,4,scientific,managed_prefix,high,none,proprietary_device,online_activation,app_profile,failed,40.59,31.66,16.77,71.06,0,42,72,35.9,51.8,synthetic row; not a real application benchmark
APP-0365,5,scientific,managed_prefix,high,service,proprietary_device,hardware_dongle,app_profile,failed,7.89,43.72,15.83,73.07,0,42,72,10.5,84.55,synthetic row; not a real application benchmark
APP-0366,6,scientific,managed_prefix,medium,kernel_driver,none,offline_activation,managed_prefix,failed,33.88,45.46,15.43,73.87,0,42,72,32.7,59.75,synthetic row; not a real application benchmark
APP-0367,7,scientific,managed_prefix,low,none,none,none,managed_prefix,partial,70.76,31.33,10.37,78.75,0,42,72,77.0,0.0,synthetic row; not a real application benchmark
APP-0368,8,scientific,managed_prefix,low,none,proprietary_device,online_activation,app_profile,partial,45.77,31.78,12.66,72.92,0,42,72,49.4,33.8,synthetic row; not a real application benchmark
APP-0369,9,scientific,managed_prefix,low,none,none,none,managed_prefix,full,82.33,32.15,13.94,75.24,0,42,72,77.0,0.0,synthetic row; not a real application benchmark
APP-0370,10,scientific,managed_prefix,high,none,none,offline_activation,managed_prefix,partial,58.56,39.44,11.57,83.11,0,42,72,56.7,26.0,synthetic row; not a real application benchmark
APP-0371,11,scientific,managed_prefix,low,service,standard_device,none,managed_prefix,partial,53.66,31.89,16.42,71.1,0,42,72,56.7,25.95,synthetic row; not a real application benchmark
APP-0372,12,scientific,managed_prefix,low,none,none,hardware_dongle,managed_prefix,partial,56.58,33.02,10.68,72.5,0,42,72,53.2,28.0,synthetic row; not a real application benchmark
APP-0373,13,scientific,managed_prefix,high,none,none,offline_activation,managed_prefix,partial,61.58,36.26,13.35,68.95,0,42,72,56.7,26.0,synthetic row; not a real application benchmark
APP-0374,14,scientific,managed_prefix,medium,none,standard_device,none,app_profile,partial,59.71,23.15,12.41,81.16,0,42,72,67.2,15.2,synthetic row; not a real application benchmark
APP-0375,15,scientific,managed_prefix,low,service,none,offline_activation,managed_prefix,partial,49.59,31.31,10.77,69.03,0,42,72,56.7,26.75,synthetic row; not a real application benchmark
APP-0376,16,scientific,managed_prefix,low,kernel_driver,standard_device,online_activation,app_profile,failed,27.71,31.51,14.21,71.93,0,42,72,29.8,64.95,synthetic row; not a real application benchmark
APP-0377,17,scientific,managed_prefix,medium,none,standard_device,none,managed_prefix,partial,69.3,31.81,11.36,74.15,0,42,72,64.2,15.2,synthetic row; not a real application benchmark
APP-0378,18,scientific,managed_prefix,medium,none,standard_device,offline_activation,app_profile,partial,66.44,36.54,13.28,84.11,0,42,72,60.4,23.2,synthetic row; not a real application benchmark
APP-0379,19,scientific,managed_prefix,high,none,standard_device,none,app_profile,partial,55.13,28.25,13.51,72.59,0,42,72,59.7,25.2,synthetic row; not a real application benchmark
APP-0380,20,scientific,managed_prefix,low,service,none,hardware_dongle,app_profile,partial,45.43,34.99,12.08,81.39,0,42,72,42.7,46.75,synthetic row; not a real application benchmark
APP-0381,1,scientific,virtualisation,high,none,none,offline_activation,app_profile,full,87.49,50.04,26.47,45.62,1,42,90,86.2,26.0,synthetic row; not a real application benchmark
APP-0382,2,scientific,virtualisation,medium,kernel_driver,standard_device,online_activation,app_profile,partial,73.13,50.18,28.61,40.67,1,42,90,73.35,72.95,synthetic row; not a real application benchmark
APP-0383,3,scientific,virtualisation,low,none,standard_device,offline_activation,app_profile,full,82.71,46.03,22.3,48.72,1,42,90,84.4,15.2,synthetic row; not a real application benchmark
APP-0384,4,scientific,virtualisation,medium,service,none,none,app_profile,full,85.26,45.75,23.76,51.08,1,42,90,85.45,26.75,synthetic row; not a real application benchmark
APP-0385,5,scientific,virtualisation,high,none,none,none,app_profile,full,82.54,50.34,21.58,45.93,1,42,90,88.2,18.0,synthetic row; not a real application benchmark
APP-0386,6,scientific,virtualisation,medium,none,standard_device,online_activation,app_profile,full,88.62,45.84,27.3,41.96,1,42,90,82.1,29.2,synthetic row; not a real application benchmark
APP-0387,7,scientific,virtualisation,medium,none,standard_device,online_activation,app_profile,full,83.49,46.82,26.39,45.07,1,42,90,82.1,29.2,synthetic row; not a real application benchmark
APP-0388,8,scientific,virtualisation,high,none,standard_device,offline_activation,app_profile,full,83.36,52.3,30.4,51.16,1,42,90,82.6,33.2,synthetic row; not a real application benchmark
APP-0389,9,scientific,virtualisation,medium,kernel_driver,proprietary_device,offline_activation,app_profile,partial,72.07,54.06,26.63,37.33,1,42,90,68.55,79.55,synthetic row; not a real application benchmark
APP-0390,10,scientific,virtualisation,medium,none,none,online_activation,app_profile,full,90.02,46.15,23.46,53.54,1,42,90,85.7,22.0,synthetic row; not a real application benchmark
APP-0391,11,scientific,virtualisation,low,none,standard_device,online_activation,app_profile,full,86.79,50.44,25.05,49.74,1,42,90,82.9,21.2,synthetic row; not a real application benchmark
APP-0392,12,scientific,virtualisation,high,service,standard_device,offline_activation,app_profile,full,78.68,45.56,26.09,45.37,1,42,90,78.85,51.95,synthetic row; not a real application benchmark
APP-0393,13,scientific,virtualisation,medium,none,none,none,app_profile,full,81.06,42.61,26.33,55.75,1,42,90,89.2,8.0,synthetic row; not a real application benchmark
APP-0394,14,scientific,virtualisation,high,none,standard_device,offline_activation,app_profile,full,83.49,52.26,24.45,47.66,1,42,90,82.6,33.2,synthetic row; not a real application benchmark
APP-0395,15,scientific,virtualisation,high,service,standard_device,offline_activation,app_profile,partial,65.33,50.61,25.83,41.07,1,42,90,78.85,51.95,synthetic row; not a real application benchmark
APP-0396,16,scientific,virtualisation,medium,none,standard_device,offline_activation,app_profile,full,78.96,49.54,22.72,47.52,1,42,90,83.6,23.2,synthetic row; not a real application benchmark
APP-0397,17,scientific,virtualisation,medium,service,proprietary_device,offline_activation,app_profile,partial,65.87,48.19,25.55,42.32,1,42,90,73.55,54.55,synthetic row; not a real application benchmark
APP-0398,18,scientific,virtualisation,low,kernel_driver,proprietary_device,hardware_dongle,app_profile,partial,62.96,61.0,27.37,46.86,1,42,90,64.35,91.55,synthetic row; not a real application benchmark
APP-0399,19,scientific,virtualisation,high,none,none,online_activation,app_profile,full,82.2,43.1,24.78,44.71,1,42,90,84.7,32.0,synthetic row; not a real application benchmark
APP-0400,20,scientific,virtualisation,high,none,standard_device,offline_activation,app_profile,full,85.61,46.48,25.76,39.97,1,42,90,82.6,33.2,synthetic row; not a real application benchmark
APP-0401,1,enterprise_legacy,native_linux,high,kernel_driver,standard_device,online_activation,app_profile,full,90.21,12.24,3.18,94.99,0,42,95,84.95,82.95,synthetic row; not a real application benchmark
APP-0402,2,enterprise_legacy,native_linux,high,service,standard_device,offline_activation,app_profile,full,88.95,4.32,0.84,95.67,0,42,95,89.15,51.95,synthetic row; not a real application benchmark
APP-0403,3,enterprise_legacy,native_linux,high,service,standard_device,online_activation,app_profile,full,92.67,14.85,7.34,95.18,0,42,95,87.95,57.95,synthetic row; not a real application benchmark
APP-0404,4,enterprise_legacy,native_linux,high,service,standard_device,online_activation,app_profile,full,89.83,15.82,5.93,100.0,0,42,95,87.95,57.95,synthetic row; not a real application benchmark
APP-0405,5,enterprise_legacy,native_linux,high,kernel_driver,proprietary_device,hardware_dongle,app_profile,full,79.19,19.48,7.57,86.74,0,42,95,78.65,100.0,synthetic row; not a real application benchmark
APP-0406,6,enterprise_legacy,native_linux,high,service,standard_device,offline_activation,app_profile,full,89.38,13.36,4.13,99.57,0,42,95,89.15,51.95,synthetic row; not a real application benchmark
APP-0407,7,enterprise_legacy,native_linux,medium,service,none,none,app_profile,full,92.56,0.67,4.81,100.0,0,42,95,92.75,26.75,synthetic row; not a real application benchmark
APP-0408,8,enterprise_legacy,native_linux,high,none,standard_device,offline_activation,app_profile,full,86.68,9.19,5.82,97.81,0,42,95,91.4,33.2,synthetic row; not a real application benchmark
APP-0409,9,enterprise_legacy,native_linux,medium,none,none,online_activation,app_profile,full,100.0,12.25,0.0,100.0,0,42,95,92.2,22.0,synthetic row; not a real application benchmark
APP-0410,10,enterprise_legacy,native_linux,high,none,none,offline_activation,app_profile,full,96.15,2.86,5.02,90.45,0,42,95,93.4,26.0,synthetic row; not a real application benchmark
APP-0411,11,enterprise_legacy,native_linux,high,service,none,hardware_dongle,app_profile,full,91.6,19.0,7.02,100.0,0,42,95,87.15,64.75,synthetic row; not a real application benchmark
APP-0412,12,enterprise_legacy,native_linux,high,service,none,online_activation,app_profile,full,88.76,7.45,2.49,95.62,0,42,95,89.95,50.75,synthetic row; not a real application benchmark
APP-0413,13,enterprise_legacy,native_linux,medium,service,none,online_activation,app_profile,full,95.35,8.87,4.59,95.78,0,42,95,89.95,40.75,synthetic row; not a real application benchmark
APP-0414,14,enterprise_legacy,native_linux,high,kernel_driver,standard_device,online_activation,app_profile,full,93.19,17.58,6.58,94.33,0,42,95,84.95,82.95,synthetic row; not a real application benchmark
APP-0415,15,enterprise_legacy,native_linux,medium,service,none,none,app_profile,full,98.13,8.43,2.79,98.54,0,42,95,92.75,26.75,synthetic row; not a real application benchmark
APP-0416,16,enterprise_legacy,native_linux,medium,service,none,hardware_dongle,app_profile,full,87.35,11.35,0.23,93.07,0,42,95,87.15,54.75,synthetic row; not a real application benchmark
APP-0417,17,enterprise_legacy,native_linux,medium,service,none,online_activation,app_profile,full,89.39,16.04,3.03,100.0,0,42,95,89.95,40.75,synthetic row; not a real application benchmark
APP-0418,18,enterprise_legacy,native_linux,medium,none,proprietary_device,online_activation,app_profile,full,85.03,15.75,2.49,95.31,0,42,95,86.7,41.8,synthetic row; not a real application benchmark
APP-0419,19,enterprise_legacy,native_linux,high,service,standard_device,online_activation,app_profile,full,84.7,20.72,6.98,92.11,0,42,95,87.95,57.95,synthetic row; not a real application benchmark
APP-0420,20,enterprise_legacy,native_linux,high,service,none,online_activation,app_profile,full,81.43,16.01,3.89,95.9,0,42,95,89.95,50.75,synthetic row; not a real application benchmark
APP-0421,1,enterprise_legacy,wine_like,low,service,none,none,managed_prefix,failed,43.72,67.32,15.36,72.46,0,42,65,50.0,18.75,synthetic row; not a real application benchmark
APP-0422,2,enterprise_legacy,wine_like,medium,none,none,offline_activation,raw,partial,46.52,80.05,12.66,59.57,0,42,65,42.6,16.0,synthetic row; not a real application benchmark
APP-0423,3,enterprise_legacy,wine_like,medium,kernel_driver,standard_device,online_activation,raw,failed,0.0,97.02,14.84,54.9,0,42,65,-5.7,72.95,synthetic row; not a real application benchmark
APP-0424,4,enterprise_legacy,wine_like,high,none,standard_device,offline_activation,raw,failed,23.76,82.9,16.97,67.6,0,42,65,26.5,33.2,synthetic row; not a real application benchmark
APP-0425,5,enterprise_legacy,wine_like,medium,none,standard_device,offline_activation,raw,failed,26.13,86.18,15.22,70.07,0,42,65,35.0,23.2,synthetic row; not a real application benchmark
APP-0426,6,enterprise_legacy,wine_like,high,service,none,none,raw,failed,34.04,85.65,14.32,62.33,0,42,65,26.7,36.75,synthetic row; not a real application benchmark
APP-0427,7,enterprise_legacy,wine_like,medium,none,none,online_activation,managed_prefix,failed,35.64,73.25,15.18,65.19,0,42,65,44.9,22.0,synthetic row; not a real application benchmark
APP-0428,8,enterprise_legacy,wine_like,medium,none,standard_device,online_activation,raw,failed,34.56,81.54,17.32,60.59,0,42,65,29.3,29.2,synthetic row; not a real application benchmark
APP-0429,9,enterprise_legacy,wine_like,high,service,standard_device,online_activation,managed_prefix,failed,10.54,76.79,14.54,58.99,0,42,65,13.8,57.95,synthetic row; not a real application benchmark
APP-0430,10,enterprise_legacy,wine_like,high,service,standard_device,hardware_dongle,raw,failed,0.82,89.74,13.59,57.05,0,42,65,-7.5,71.95,synthetic row; not a real application benchmark
APP-0431,11,enterprise_legacy,wine_like,high,service,none,hardware_dongle,raw,failed,7.25,89.13,16.11,62.63,0,42,65,0.1,64.75,synthetic row; not a real application benchmark
APP-0432,12,enterprise_legacy,wine_like,medium,service,none,none,raw,failed,35.22,80.06,14.2,58.03,0,42,65,35.2,26.75,synthetic row; not a real application benchmark
APP-0433,13,enterprise_legacy,wine_like,medium,service,none,online_activation,raw,failed,13.23,83.35,14.38,61.86,0,42,65,21.9,40.75,synthetic row; not a real application benchmark
APP-0434,14,enterprise_legacy,wine_like,medium,kernel_driver,none,none,raw,failed,18.25,81.25,14.36,54.22,0,42,65,15.2,51.75,synthetic row; not a real application benchmark
APP-0435,15,enterprise_legacy,wine_like,high,service,proprietary_device,hardware_dongle,raw,failed,0.0,95.31,20.97,60.75,0,42,65,-20.8,84.55,synthetic row; not a real application benchmark
APP-0436,16,enterprise_legacy,wine_like,medium,service,proprietary_device,none,managed_prefix,failed,18.35,72.7,14.39,57.1,0,42,65,22.3,46.55,synthetic row; not a real application benchmark
APP-0437,17,enterprise_legacy,wine_like,high,none,none,online_activation,raw,failed,31.01,81.37,13.44,64.39,0,42,65,28.4,32.0,synthetic row; not a real application benchmark
APP-0438,18,enterprise_legacy,wine_like,high,service,standard_device,online_activation,raw,failed,6.2,84.17,13.16,61.23,0,42,65,5.8,57.95,synthetic row; not a real application benchmark
APP-0439,19,enterprise_legacy,wine_like,low,none,standard_device,online_activation,managed_prefix,partial,48.78,73.44,12.28,71.95,0,42,65,44.1,21.2,synthetic row; not a real application benchmark
APP-0440,20,enterprise_legacy,wine_like,medium,none,none,online_activation,raw,failed,40.41,91.18,12.05,62.28,0,42,65,36.9,22.0,synthetic row; not a real application benchmark
APP-0441,1,enterprise_legacy,proton_like,high,none,standard_device,online_activation,managed_prefix,failed,34.96,41.27,6.86,82.93,0,42,78,42.9,39.2,synthetic row; not a real application benchmark
APP-0442,2,enterprise_legacy,proton_like,high,none,none,offline_activation,managed_prefix,partial,61.2,39.97,8.54,81.29,0,42,78,54.7,26.0,synthetic row; not a real application benchmark
APP-0443,3,enterprise_legacy,proton_like,high,service,standard_device,online_activation,app_profile,failed,27.66,34.21,11.67,75.0,0,42,78,28.65,57.95,synthetic row; not a real application benchmark
APP-0444,4,enterprise_legacy,proton_like,medium,none,none,online_activation,managed_prefix,partial,59.65,43.5,9.69,85.71,0,42,78,53.8,22.0,synthetic row; not a real application benchmark
APP-0445,5,enterprise_legacy,proton_like,high,none,none,none,managed_prefix,partial,67.35,35.75,7.99,83.84,0,42,78,61.9,18.0,synthetic row; not a real application benchmark
APP-0446,6,enterprise_legacy,proton_like,medium,service,none,online_activation,managed_prefix,partial,46.31,50.1,6.97,78.43,0,42,78,39.55,40.75,synthetic row; not a real application benchmark
APP-0447,7,enterprise_legacy,proton_like,low,kernel_driver,none,online_activation,managed_prefix,failed,22.28,47.69,6.45,76.07,0,42,78,24.15,57.75,synthetic row; not a real application benchmark
APP-0448,8,enterprise_legacy,proton_like,high,service,proprietary_device,offline_activation,raw,failed,19.11,58.72,12.32,73.28,0,42,78,22.85,64.55,synthetic row; not a real application benchmark
APP-0449,9,enterprise_legacy,proton_like,high,none,none,offline_activation,raw,partial,56.04,49.88,8.75,75.02,0,42,78,54.7,26.0,synthetic row; not a real application benchmark
APP-0450,10,enterprise_legacy,proton_like,medium,service,standard_device,hardware_dongle,managed_prefix,failed,28.35,46.4,11.8,83.08,0,42,78,20.55,61.95,synthetic row; not a real application benchmark
APP-0451,11,enterprise_legacy,proton_like,medium,none,none,online_activation,managed_prefix,partial,54.96,40.74,6.55,78.13,0,42,78,53.8,22.0,synthetic row; not a real application benchmark
APP-0452,12,enterprise_legacy,proton_like,medium,kernel_driver,none,online_activation,managed_prefix,failed,23.44,46.25,9.56,76.07,0,42,78,20.55,65.75,synthetic row; not a real application benchmark
APP-0453,13,enterprise_legacy,proton_like,high,service,none,online_activation,managed_prefix,failed,23.38,44.92,15.88,83.22,0,42,78,35.05,50.75,synthetic row; not a real application benchmark
APP-0454,14,enterprise_legacy,proton_like,medium,none,none,online_activation,raw,partial,54.26,42.31,6.5,76.04,0,42,78,53.8,22.0,synthetic row; not a real application benchmark
APP-0455,15,enterprise_legacy,proton_like,medium,none,proprietary_device,hardware_dongle,managed_prefix,failed,31.81,41.24,7.93,79.27,0,42,78,23.6,55.8,synthetic row; not a real application benchmark
APP-0456,16,enterprise_legacy,proton_like,medium,none,none,offline_activation,managed_prefix,partial,56.75,33.75,6.24,83.61,0,42,78,59.2,16.0,synthetic row; not a real application benchmark
APP-0457,17,enterprise_legacy,proton_like,high,none,proprietary_device,offline_activation,managed_prefix,failed,44.13,47.89,13.59,74.58,0,42,78,37.1,45.8,synthetic row; not a real application benchmark
APP-0458,18,enterprise_legacy,proton_like,medium,service,standard_device,none,managed_prefix,failed,39.67,36.35,5.2,73.92,0,42,78,45.75,33.95,synthetic row; not a real application benchmark
APP-0459,19,enterprise_legacy,proton_like,medium,service,proprietary_device,hardware_dongle,app_profile,failed,10.96,45.67,12.05,73.26,0,42,78,9.35,74.55,synthetic row; not a real application benchmark
APP-0460,20,enterprise_legacy,proton_like,low,none,none,online_activation,raw,partial,52.2,41.81,10.71,85.69,0,42,78,57.4,14.0,synthetic row; not a real application benchmark
APP-0461,1,enterprise_legacy,managed_prefix,high,none,none,offline_activation,managed_prefix,partial,53.44,36.99,12.59,77.29,0,42,72,56.7,26.0,synthetic row; not a real application benchmark
APP-0462,2,enterprise_legacy,managed_prefix,low,service,none,offline_activation,managed_prefix,partial,60.65,28.91,7.73,70.73,0,42,72,56.7,26.75,synthetic row; not a real application benchmark
APP-0463,3,enterprise_legacy,managed_prefix,medium,kernel_driver,standard_device,hardware_dongle,app_profile,failed,12.94,43.4,13.62,73.42,0,42,72,11.9,86.95,synthetic row; not a real application benchmark
APP-0464,4,enterprise_legacy,managed_prefix,medium,service,none,offline_activation,managed_prefix,partial,54.22,41.55,11.3,78.98,0,42,72,50.7,34.75,synthetic row; not a real application benchmark
APP-0465,5,enterprise_legacy,managed_prefix,high,service,none,hardware_dongle,managed_prefix,failed,25.87,41.47,12.45,65.74,0,42,72,26.2,64.75,synthetic row; not a real application benchmark
APP-0466,6,enterprise_legacy,managed_prefix,high,service,none,online_activation,app_profile,partial,47.8,34.37,11.49,76.79,0,42,72,41.1,50.75,synthetic row; not a real application benchmark
APP-0467,7,enterprise_legacy,managed_prefix,high,kernel_driver,standard_device,offline_activation,managed_prefix,failed,10.58,45.98,14.15,75.95,0,42,72,18.4,76.95,synthetic row; not a real application benchmark
APP-0468,8,enterprise_legacy,managed_prefix,high,none,none,online_activation,managed_prefix,partial,55.48,38.61,11.29,74.57,0,42,72,51.6,32.0,synthetic row; not a real application benchmark
APP-0469,9,enterprise_legacy,managed_prefix,high,none,none,online_activation,managed_prefix,partial,57.58,33.67,12.37,71.86,0,42,72,51.6,32.0,synthetic row; not a real application benchmark
APP-0470,10,enterprise_legacy,managed_prefix,high,service,none,offline_activation,managed_prefix,failed,41.97,36.5,9.89,74.76,0,42,72,43.2,44.75,synthetic row; not a real application benchmark
APP-0471,11,enterprise_legacy,managed_prefix,medium,service,standard_device,online_activation,app_profile,failed,40.21,33.68,10.2,80.82,0,42,72,41.8,47.95,synthetic row; not a real application benchmark
APP-0472,12,enterprise_legacy,managed_prefix,high,none,standard_device,online_activation,app_profile,partial,47.23,37.33,14.22,77.12,0,42,72,47.8,39.2,synthetic row; not a real application benchmark
APP-0473,13,enterprise_legacy,managed_prefix,high,service,none,online_activation,app_profile,failed,36.66,28.44,11.11,80.29,0,42,72,41.1,50.75,synthetic row; not a real application benchmark
APP-0474,14,enterprise_legacy,managed_prefix,high,none,proprietary_device,offline_activation,managed_prefix,failed,40.97,38.7,13.44,80.4,0,42,72,38.0,45.8,synthetic row; not a real application benchmark
APP-0475,15,enterprise_legacy,managed_prefix,high,none,none,online_activation,managed_prefix,partial,51.44,31.53,9.87,75.4,0,42,72,51.6,32.0,synthetic row; not a real application benchmark
APP-0476,16,enterprise_legacy,managed_prefix,medium,service,none,online_activation,managed_prefix,partial,45.1,39.4,10.32,76.04,0,42,72,45.6,40.75,synthetic row; not a real application benchmark
APP-0477,17,enterprise_legacy,managed_prefix,high,none,none,online_activation,managed_prefix,partial,54.54,36.91,12.29,80.25,0,42,72,51.6,32.0,synthetic row; not a real application benchmark
APP-0478,18,enterprise_legacy,managed_prefix,high,none,none,offline_activation,app_profile,partial,59.33,27.72,7.37,79.12,0,42,72,59.7,26.0,synthetic row; not a real application benchmark
APP-0479,19,enterprise_legacy,managed_prefix,high,service,none,hardware_dongle,app_profile,failed,16.14,33.18,11.61,75.71,0,42,72,29.2,64.75,synthetic row; not a real application benchmark
APP-0480,20,enterprise_legacy,managed_prefix,high,kernel_driver,standard_device,hardware_dongle,app_profile,failed,4.3,37.83,10.25,71.38,0,42,72,4.4,96.95,synthetic row; not a real application benchmark
APP-0481,1,enterprise_legacy,virtualisation,high,none,none,none,app_profile,full,82.28,48.71,22.27,51.2,1,42,90,88.2,18.0,synthetic row; not a real application benchmark
APP-0482,2,enterprise_legacy,virtualisation,high,none,none,offline_activation,app_profile,full,87.05,44.99,29.5,47.59,1,42,90,86.2,26.0,synthetic row; not a real application benchmark
APP-0483,3,enterprise_legacy,virtualisation,high,none,standard_device,online_activation,app_profile,full,81.25,53.54,27.4,44.83,1,42,90,81.1,39.2,synthetic row; not a real application benchmark
APP-0484,4,enterprise_legacy,virtualisation,medium,service,none,online_activation,app_profile,full,86.82,46.97,23.93,44.17,1,42,90,81.95,40.75,synthetic row; not a real application benchmark
APP-0485,5,enterprise_legacy,virtualisation,medium,kernel_driver,standard_device,offline_activation,app_profile,partial,74.41,58.64,26.07,41.29,1,42,90,74.85,66.95,synthetic row; not a real application benchmark
APP-0486,6,enterprise_legacy,virtualisation,high,service,none,online_activation,app_profile,full,80.59,48.09,25.18,52.28,1,42,90,80.95,50.75,synthetic row; not a real application benchmark
APP-0487,7,enterprise_legacy,virtualisation,high,none,none,online_activation,app_profile,full,100.0,50.44,25.04,54.68,1,42,90,84.7,32.0,synthetic row; not a real application benchmark
APP-0488,8,enterprise_legacy,virtualisation,high,service,standard_device,offline_activation,app_profile,partial,70.18,51.52,29.79,46.65,1,42,90,78.85,51.95,synthetic row; not a real application benchmark
APP-0489,9,enterprise_legacy,virtualisation,medium,none,none,online_activation,app_profile,full,92.39,51.01,25.71,43.67,1,42,90,85.7,22.0,synthetic row; not a real application benchmark
APP-0490,10,enterprise_legacy,virtualisation,high,none,proprietary_device,hardware_dongle,app_profile,partial,72.82,53.05,25.07,44.22,1,42,90,71.3,65.8,synthetic row; not a real application benchmark
APP-0491,11,enterprise_legacy,virtualisation,high,service,standard_device,online_activation,app_profile,partial,73.62,50.02,25.86,46.79,1,42,90,77.35,57.95,synthetic row; not a real application benchmark
APP-0492,12,enterprise_legacy,virtualisation,high,service,none,online_activation,app_profile,full,81.35,46.63,31.11,46.63,1,42,90,80.95,50.75,synthetic row; not a real application benchmark
APP-0493,13,enterprise_legacy,virtualisation,high,none,proprietary_device,offline_activation,app_profile,full,86.91,57.61,28.76,46.91,1,42,90,76.3,45.8,synthetic row; not a real application benchmark
APP-0494,14,enterprise_legacy,virtualisation,medium,service,standard_device,online_activation,app_profile,partial,70.15,43.64,26.52,41.91,1,42,90,78.35,47.95,synthetic row; not a real application benchmark
APP-0495,15,enterprise_legacy,virtualisation,high,service,proprietary_device,online_activation,app_profile,partial,69.76,57.84,29.5,46.84,1,42,90,71.05,70.55,synthetic row; not a real application benchmark
APP-0496,16,enterprise_legacy,virtualisation,high,service,none,online_activation,app_profile,full,80.28,51.82,29.16,51.59,1,42,90,80.95,50.75,synthetic row; not a real application benchmark
APP-0497,17,enterprise_legacy,virtualisation,high,service,none,online_activation,app_profile,full,83.66,65.38,24.02,43.99,1,42,90,80.95,50.75,synthetic row; not a real application benchmark
APP-0498,18,enterprise_legacy,virtualisation,high,none,standard_device,online_activation,app_profile,full,85.62,55.95,27.69,43.56,1,42,90,81.1,39.2,synthetic row; not a real application benchmark
APP-0499,19,enterprise_legacy,virtualisation,high,service,none,none,app_profile,full,85.58,49.19,27.68,46.87,1,42,90,84.45,36.75,synthetic row; not a real application benchmark
APP-0500,20,enterprise_legacy,virtualisation,medium,service,none,online_activation,app_profile,full,78.19,50.69,25.35,47.61,1,42,90,81.95,40.75,synthetic row; not a real application benchmark
APP-0501,1,games,native_linux,high,none,none,online_activation,app_profile,full,90.03,11.23,0.13,95.84,0,42,95,92.2,32.0,synthetic row; not a real application benchmark
APP-0502,2,games,native_linux,high,none,standard_device,offline_activation,app_profile,full,89.55,11.27,6.52,95.53,0,42,95,91.4,33.2,synthetic row; not a real application benchmark
APP-0503,3,games,native_linux,high,service,none,online_activation,app_profile,full,91.66,16.93,4.03,91.67,0,42,95,89.95,50.75,synthetic row; not a real application benchmark
APP-0504,4,games,native_linux,high,none,standard_device,none,app_profile,full,91.07,11.56,3.8,95.89,0,42,95,93.0,25.2,synthetic row; not a real application benchmark
APP-0505,5,games,native_linux,medium,none,standard_device,hardware_dongle,app_profile,full,85.08,9.96,6.66,94.54,0,42,95,87.4,43.2,synthetic row; not a real application benchmark
APP-0506,6,games,native_linux,medium,service,none,online_activation,app_profile,full,82.08,6.34,5.96,97.05,0,42,95,89.95,40.75,synthetic row; not a real application benchmark
APP-0507,7,games,native_linux,medium,service,standard_device,online_activation,app_profile,full,87.01,10.03,6.07,92.26,0,42,95,87.95,47.95,synthetic row; not a real application benchmark
APP-0508,8,games,native_linux,high,none,standard_device,none,app_profile,full,100.0,9.84,0.0,98.71,0,42,95,93.0,25.2,synthetic row; not a real application benchmark
APP-0509,9,games,native_linux,high,service,none,none,app_profile,full,92.61,9.29,5.63,94.58,0,42,95,92.75,36.75,synthetic row; not a real application benchmark
APP-0510,10,games,native_linux,high,none,standard_device,offline_activation,app_profile,full,83.92,10.57,2.41,95.63,0,42,95,91.4,33.2,synthetic row; not a real application benchmark
APP-0511,11,games,native_linux,high,kernel_driver,standard_device,offline_activation,app_profile,full,95.33,12.33,8.74,96.24,0,42,95,86.15,76.95,synthetic row; not a real application benchmark
APP-0512,12,games,native_linux,high,none,none,offline_activation,app_profile,full,93.55,7.1,0.0,100.0,0,42,95,93.4,26.0,synthetic row; not a real application benchmark
APP-0513,13,games,native_linux,high,none,standard_device,none,app_profile,full,88.53,0.0,5.09,99.48,0,42,95,93.0,25.2,synthetic row; not a real application benchmark
APP-0514,14,games,native_linux,high,none,none,online_activation,app_profile,full,87.06,6.3,5.49,97.55,0,42,95,92.2,32.0,synthetic row; not a real application benchmark
APP-0515,15,games,native_linux,high,kernel_driver,none,none,app_profile,full,87.9,11.11,0.83,97.62,0,42,95,89.75,61.75,synthetic row; not a real application benchmark
APP-0516,16,games,native_linux,high,none,standard_device,none,app_profile,full,85.23,6.14,2.01,100.0,0,42,95,93.0,25.2,synthetic row; not a real application benchmark
APP-0517,17,games,native_linux,high,kernel_driver,none,online_activation,app_profile,full,84.59,11.0,9.09,95.0,0,42,95,86.95,75.75,synthetic row; not a real application benchmark
APP-0518,18,games,native_linux,high,none,none,online_activation,app_profile,full,90.78,11.74,0.54,100.0,0,42,95,92.2,32.0,synthetic row; not a real application benchmark
APP-0519,19,games,native_linux,high,none,none,online_activation,app_profile,full,86.39,10.3,3.93,97.14,0,42,95,92.2,32.0,synthetic row; not a real application benchmark
APP-0520,20,games,native_linux,high,none,none,offline_activation,app_profile,full,89.97,14.29,3.64,100.0,0,42,95,93.4,26.0,synthetic row; not a real application benchmark
APP-0521,1,games,wine_like,high,none,standard_device,none,raw,failed,33.42,84.49,12.78,59.74,0,42,65,34.1,25.2,synthetic row; not a real application benchmark
APP-0522,2,games,wine_like,medium,none,none,online_activation,managed_prefix,partial,50.68,72.86,9.96,65.22,0,42,65,44.9,22.0,synthetic row; not a real application benchmark
APP-0523,3,games,wine_like,medium,service,standard_device,offline_activation,raw,failed,12.53,83.39,10.57,60.27,0,42,65,20.0,41.95,synthetic row; not a real application benchmark
APP-0524,4,games,wine_like,high,none,none,none,raw,partial,45.79,73.91,11.88,63.33,0,42,65,41.7,18.0,synthetic row; not a real application benchmark
APP-0525,5,games,wine_like,high,none,standard_device,offline_activation,raw,failed,28.62,83.18,17.08,60.43,0,42,65,26.5,33.2,synthetic row; not a real application benchmark
APP-0526,6,games,wine_like,high,service,standard_device,none,raw,failed,31.45,82.01,14.34,55.85,0,42,65,19.1,43.95,synthetic row; not a real application benchmark
APP-0527,7,games,wine_like,medium,service,standard_device,none,raw,failed,32.53,84.15,13.86,56.89,0,42,65,27.6,33.95,synthetic row; not a real application benchmark
APP-0528,8,games,wine_like,high,kernel_driver,none,online_activation,raw,failed,0.0,86.59,16.23,57.78,0,42,65,-6.6,75.75,synthetic row; not a real application benchmark
APP-0529,9,games,wine_like,high,kernel_driver,standard_device,online_activation,raw,failed,0.0,92.22,15.8,52.59,0,42,65,-14.2,82.95,synthetic row; not a real application benchmark
APP-0530,10,games,wine_like,high,service,none,offline_activation,managed_prefix,failed,22.58,71.16,12.46,67.04,0,42,65,27.1,44.75,synthetic row; not a real application benchmark
APP-0531,11,games,wine_like,high,kernel_driver,proprietary_device,online_activation,raw,failed,0.0,99.14,13.9,55.54,0,42,65,-27.5,95.55,synthetic row; not a real application benchmark
APP-0532,12,games,wine_like,high,kernel_driver,none,online_activation,raw,failed,0.0,88.25,14.86,61.84,0,42,65,-6.6,75.75,synthetic row; not a real application benchmark
APP-0533,13,games,wine_like,high,none,none,hardware_dongle,raw,failed,13.66,78.14,11.69,63.27,0,42,65,15.1,46.0,synthetic row; not a real application benchmark
APP-0534,14,games,wine_like,high,none,none,offline_activation,raw,failed,35.04,78.28,16.66,65.63,0,42,65,34.1,26.0,synthetic row; not a real application benchmark
APP-0535,15,games,wine_like,medium,none,none,none,raw,partial,45.63,78.2,10.59,64.76,0,42,65,50.2,8.0,synthetic row; not a real application benchmark
APP-0536,16,games,wine_like,medium,none,none,online_activation,managed_prefix,partial,45.01,59.02,15.29,68.55,0,42,65,44.9,22.0,synthetic row; not a real application benchmark
APP-0537,17,games,wine_like,medium,service,none,online_activation,managed_prefix,failed,38.81,79.29,14.12,67.6,0,42,65,29.9,40.75,synthetic row; not a real application benchmark
APP-0538,18,games,wine_like,high,none,standard_device,offline_activation,raw,failed,22.83,84.37,13.83,62.4,0,42,65,26.5,33.2,synthetic row; not a real application benchmark
APP-0539,19,games,wine_like,medium,none,none,none,managed_prefix,partial,53.71,68.78,12.59,74.57,0,42,65,58.2,8.0,synthetic row; not a real application benchmark
APP-0540,20,games,wine_like,high,none,none,online_activation,managed_prefix,failed,38.21,68.71,8.92,66.09,0,42,65,36.4,32.0,synthetic row; not a real application benchmark
APP-0541,1,games,proton_like,high,none,standard_device,online_activation,app_profile,partial,62.42,38.17,11.29,90.41,0,42,78,63.9,39.2,synthetic row; not a real application benchmark
APP-0542,2,games,proton_like,high,none,none,offline_activation,managed_prefix,full,76.9,39.93,11.31,85.47,0,42,78,75.7,26.0,synthetic row; not a real application benchmark
APP-0543,3,games,proton_like,high,service,none,offline_activation,app_profile,partial,61.67,35.88,11.51,83.29,0,42,78,61.45,44.75,synthetic row; not a real application benchmark
APP-0544,4,games,proton_like,high,service,none,offline_activation,app_profile,partial,61.94,44.06,9.55,81.09,0,42,78,61.45,44.75,synthetic row; not a real application benchmark
APP-0545,5,games,proton_like,high,none,none,hardware_dongle,app_profile,partial,60.65,32.68,9.72,86.27,0,42,78,57.7,46.0,synthetic row; not a real application benchmark
APP-0546,6,games,proton_like,medium,none,standard_device,offline_activation,managed_prefix,partial,65.31,36.47,5.76,74.14,0,42,78,68.8,23.2,synthetic row; not a real application benchmark
APP-0547,7,games,proton_like,medium,none,none,offline_activation,app_profile,partial,69.98,28.71,7.59,92.08,0,42,78,75.2,16.0,synthetic row; not a real application benchmark
APP-0548,8,games,proton_like,medium,kernel_driver,none,online_activation,app_profile,failed,36.26,35.74,10.54,79.81,0,42,78,36.55,65.75,synthetic row; not a real application benchmark
APP-0549,9,games,proton_like,high,none,standard_device,online_activation,app_profile,partial,63.48,32.83,10.42,81.92,0,42,78,63.9,39.2,synthetic row; not a real application benchmark
APP-0550,10,games,proton_like,high,none,none,online_activation,managed_prefix,full,82.9,45.84,12.41,85.18,0,42,78,70.3,32.0,synthetic row; not a real application benchmark
APP-0551,11,games,proton_like,high,none,standard_device,none,app_profile,full,79.29,34.11,10.83,89.68,0,42,78,76.5,25.2,synthetic row; not a real application benchmark
APP-0552,12,games,proton_like,high,none,none,online_activation,app_profile,partial,70.8,31.81,8.56,83.4,0,42,78,70.3,32.0,synthetic row; not a real application benchmark
APP-0553,13,games,proton_like,high,kernel_driver,standard_device,online_activation,app_profile,failed,36.19,44.47,12.21,76.18,0,42,78,30.65,82.95,synthetic row; not a real application benchmark
APP-0554,14,games,proton_like,high,kernel_driver,none,none,managed_prefix,partial,49.69,49.67,10.22,69.5,0,42,78,49.65,61.75,synthetic row; not a real application benchmark
APP-0555,15,games,proton_like,high,service,standard_device,online_activation,app_profile,partial,45.62,41.51,11.73,79.91,0,42,78,49.65,57.95,synthetic row; not a real application benchmark
APP-0556,16,games,proton_like,high,none,standard_device,online_activation,managed_prefix,partial,62.11,45.45,10.59,69.42,0,42,78,63.9,39.2,synthetic row; not a real application benchmark
APP-0557,17,games,proton_like,medium,kernel_driver,none,offline_activation,app_profile,failed,40.34,33.37,10.85,79.44,0,42,78,41.95,59.75,synthetic row; not a real application benchmark
APP-0558,18,games,proton_like,medium,service,none,online_activation,app_profile,partial,55.53,31.68,11.2,87.0,0,42,78,55.55,40.75,synthetic row; not a real application benchmark
APP-0559,19,games,proton_like,high,none,none,online_activation,app_profile,partial,69.36,35.31,11.31,81.08,0,42,78,70.3,32.0,synthetic row; not a real application benchmark
APP-0560,20,games,proton_like,high,none,none,online_activation,app_profile,partial,63.15,41.44,8.58,86.67,0,42,78,70.3,32.0,synthetic row; not a real application benchmark
APP-0561,1,games,managed_prefix,high,none,standard_device,offline_activation,managed_prefix,partial,51.41,44.53,14.69,75.87,0,42,72,49.9,33.2,synthetic row; not a real application benchmark
APP-0562,2,games,managed_prefix,high,kernel_driver,none,online_activation,managed_prefix,failed,6.85,42.94,14.51,69.8,0,42,72,20.1,75.75,synthetic row; not a real application benchmark
APP-0563,3,games,managed_prefix,high,none,none,online_activation,app_profile,partial,52.86,34.21,10.1,81.25,0,42,72,54.6,32.0,synthetic row; not a real application benchmark
APP-0564,4,games,managed_prefix,high,service,standard_device,hardware_dongle,managed_prefix,failed,22.3,38.2,6.66,75.08,0,42,72,19.4,71.95,synthetic row; not a real application benchmark
APP-0565,5,games,managed_prefix,high,kernel_driver,none,online_activation,app_profile,failed,25.36,34.51,12.35,74.85,0,42,72,23.1,75.75,synthetic row; not a real application benchmark
APP-0566,6,games,managed_prefix,high,kernel_driver,none,offline_activation,managed_prefix,failed,35.08,40.68,12.06,70.49,0,42,72,25.2,69.75,synthetic row; not a real application benchmark
APP-0567,7,games,managed_prefix,high,service,none,online_activation,managed_prefix,failed,26.31,47.82,12.11,76.07,0,42,72,38.1,50.75,synthetic row; not a real application benchmark
APP-0568,8,games,managed_prefix,high,none,standard_device,hardware_dongle,managed_prefix,failed,36.69,39.5,11.37,73.42,0,42,72,32.9,53.2,synthetic row; not a real application benchmark
APP-0569,9,games,managed_prefix,high,none,standard_device,offline_activation,app_profile,partial,48.84,23.64,10.81,70.34,0,42,72,52.9,33.2,synthetic row; not a real application benchmark
APP-0570,10,games,managed_prefix,high,service,none,none,managed_prefix,failed,42.32,32.94,12.31,77.22,0,42,72,50.0,36.75,synthetic row; not a real application benchmark
APP-0571,11,games,managed_prefix,high,none,standard_device,online_activation,managed_prefix,failed,43.79,47.45,8.76,73.46,0,42,72,44.8,39.2,synthetic row; not a real application benchmark
APP-0572,12,games,managed_prefix,high,none,standard_device,hardware_dongle,app_profile,failed,27.92,36.48,13.61,80.43,0,42,72,35.9,53.2,synthetic row; not a real application benchmark
APP-0573,13,games,managed_prefix,high,service,none,hardware_dongle,managed_prefix,failed,26.68,38.35,12.76,68.34,0,42,72,26.2,64.75,synthetic row; not a real application benchmark
APP-0574,14,games,managed_prefix,high,none,none,online_activation,managed_prefix,partial,54.21,32.9,10.72,77.09,0,42,72,51.6,32.0,synthetic row; not a real application benchmark
APP-0575,15,games,managed_prefix,medium,none,none,online_activation,app_profile,partial,70.06,26.11,13.16,82.24,0,42,72,62.1,22.0,synthetic row; not a real application benchmark
APP-0576,16,games,managed_prefix,medium,service,none,offline_activation,managed_prefix,partial,53.77,41.62,12.02,71.97,0,42,72,50.7,34.75,synthetic row; not a real application benchmark
APP-0577,17,games,managed_prefix,high,kernel_driver,standard_device,online_activation,managed_prefix,failed,19.5,49.44,11.76,67.1,0,42,72,13.3,82.95,synthetic row; not a real application benchmark
APP-0578,18,games,managed_prefix,low,kernel_driver,none,online_activation,managed_prefix,failed,39.58,40.21,7.94,70.54,0,42,72,33.6,57.75,synthetic row; not a real application benchmark
APP-0579,19,games,managed_prefix,high,none,none,offline_activation,managed_prefix,partial,50.12,30.44,14.05,80.78,0,42,72,56.7,26.0,synthetic row; not a real application benchmark
APP-0580,20,games,managed_prefix,medium,kernel_driver,none,online_activation,managed_prefix,failed,36.26,43.95,11.43,68.08,0,42,72,27.6,65.75,synthetic row; not a real application benchmark
APP-0581,1,games,virtualisation,high,service,none,none,app_profile,full,86.3,47.41,25.87,43.72,1,42,90,84.45,36.75,synthetic row; not a real application benchmark
APP-0582,2,games,virtualisation,high,service,none,offline_activation,app_profile,full,82.32,54.48,28.66,43.43,1,42,90,82.45,44.75,synthetic row; not a real application benchmark
APP-0583,3,games,virtualisation,high,kernel_driver,none,online_activation,app_profile,full,76.35,47.8,28.42,40.13,1,42,90,75.95,75.75,synthetic row; not a real application benchmark
APP-0584,4,games,virtualisation,high,none,none,hardware_dongle,app_profile,full,77.95,52.6,24.98,44.56,1,42,90,81.2,46.0,synthetic row; not a real application benchmark
APP-0585,5,games,virtualisation,high,none,standard_device,offline_activation,app_profile,full,87.55,39.14,25.39,44.92,1,42,90,82.6,33.2,synthetic row; not a real application benchmark
APP-0586,6,games,virtualisation,high,kernel_driver,standard_device,online_activation,app_profile,full,75.28,59.08,24.26,49.75,1,42,90,72.35,82.95,synthetic row; not a real application benchmark
APP-0587,7,games,virtualisation,high,none,none,online_activation,app_profile,full,82.23,52.61,22.68,48.74,1,42,90,84.7,32.0,synthetic row; not a real application benchmark
APP-0588,8,games,virtualisation,high,none,standard_device,online_activation,app_profile,full,79.38,54.42,26.38,43.83,1,42,90,81.1,39.2,synthetic row; not a real application benchmark
APP-0589,9,games,virtualisation,high,none,standard_device,online_activation,app_profile,full,82.27,44.94,22.98,49.1,1,42,90,81.1,39.2,synthetic row; not a real application benchmark
APP-0590,10,games,virtualisation,high,none,none,offline_activation,app_profile,full,79.14,54.8,26.5,47.32,1,42,90,86.2,26.0,synthetic row; not a real application benchmark
APP-0591,11,games,virtualisation,medium,kernel_driver,standard_device,online_activation,app_profile,partial,69.47,60.17,25.88,37.98,1,42,90,73.35,72.95,synthetic row; not a real application benchmark
APP-0592,12,games,virtualisation,high,none,standard_device,offline_activation,app_profile,full,86.72,42.55,28.6,50.68,1,42,90,82.6,33.2,synthetic row; not a real application benchmark
APP-0593,13,games,virtualisation,medium,none,none,online_activation,app_profile,full,89.27,43.72,21.5,44.5,1,42,90,85.7,22.0,synthetic row; not a real application benchmark
APP-0594,14,games,virtualisation,medium,none,standard_device,online_activation,app_profile,partial,71.46,54.29,27.09,43.2,1,42,90,82.1,29.2,synthetic row; not a real application benchmark
APP-0595,15,games,virtualisation,high,kernel_driver,none,none,app_profile,full,84.93,50.58,27.26,43.68,1,42,90,79.45,61.75,synthetic row; not a real application benchmark
APP-0596,16,games,virtualisation,high,service,none,none,app_profile,full,79.21,52.71,24.45,45.88,1,42,90,84.45,36.75,synthetic row; not a real application benchmark
APP-0597,17,games,virtualisation,high,kernel_driver,standard_device,online_activation,app_profile,partial,68.97,63.18,26.72,41.95,1,42,90,72.35,82.95,synthetic row; not a real application benchmark
APP-0598,18,games,virtualisation,high,none,none,online_activation,app_profile,full,86.78,49.58,27.5,46.26,1,42,90,84.7,32.0,synthetic row; not a real application benchmark
APP-0599,19,games,virtualisation,high,none,none,none,app_profile,full,91.75,51.72,23.85,46.06,1,42,90,88.2,18.0,synthetic row; not a real application benchmark
APP-0600,20,games,virtualisation,medium,kernel_driver,standard_device,online_activation,app_profile,partial,66.65,55.8,27.7,41.14,1,42,90,73.35,72.95,synthetic row; not a real application benchmark
